OrderId,CustomerId,EmployeeId,ShipperId,OrderDate,RequiredDate,ShipToDate,Freight,ShipToName,ShipToAddress,ShipToCity,ShipToRegion,ShipToPostalCode,ShipToCountry
10248,85,5,3,2020-07-04,2020-08-01,2020-07-16,32.38,Ship to 85-B,6789 rue de l'Abbaye,Reims,NULL,10345,France
10249,79,6,1,2020-07-05,2020-08-16,2020-07-10,11.61,Ship to 79-C,Luisenstr. 9012,Münster,NULL,10328,Germany
10250,34,4,2,2020-07-08,2020-08-05,2020-07-12,65.83,Destination SCQXA,"Rua do Paço, 7890",Rio de Janeiro,RJ,10195,Brazil
10251,84,3,1,2020-07-08,2020-08-05,2020-07-15,41.34,Ship to 84-A,"3456, rue du Commerce",Lyon,NULL,10342,France
10252,76,4,2,2020-07-09,2020-08-06,2020-07-11,51.30,Ship to 76-B,"Boulevard Tirou, 9012",Charleroi,NULL,10318,Belgium
10253,34,3,2,2020-07-10,2020-07-24,2020-07-16,58.17,Destination JPAIY,"Rua do Paço, 8901",Rio de Janeiro,RJ,10196,Brazil
10254,14,5,2,2020-07-11,2020-08-08,2020-07-23,22.98,Destination YUJRD,Hauptstr. 1234,Bern,NULL,10139,Switzerland
10255,68,9,3,2020-07-12,2020-08-09,2020-07-15,148.33,Ship to 68-A,Starenweg 6789,Genève,NULL,10294,Switzerland
10256,88,3,2,2020-07-15,2020-08-12,2020-07-17,13.97,Ship to 88-B,"Rua do Mercado, 5678",Resende,SP,10354,Brazil
10257,35,4,3,2020-07-16,2020-08-13,2020-07-22,81.91,Destination JYDLM,Carrera1234 con Ave. Carlos Soublette #8-35,San Cristóbal,Táchira,10199,Venezuela
10258,20,1,1,2020-07-17,2020-08-14,2020-07-23,140.51,Destination RVDMF,Kirchgasse 9012,Graz,NULL,10157,Austria
10259,13,4,3,2020-07-18,2020-08-15,2020-07-25,3.25,Destination LGGCH,Sierras de Granada 9012,México D.F.,NULL,10137,Mexico
10260,56,4,1,2020-07-19,2020-08-16,2020-07-29,55.09,Ship to 56-A,Mehrheimerstr. 0123,Köln,NULL,10258,Germany
10261,61,4,2,2020-07-19,2020-08-16,2020-07-30,3.05,Ship to 61-B,"Rua da Panificadora, 6789",Rio de Janeiro,RJ,10274,Brazil
10262,65,8,3,2020-07-22,2020-08-19,2020-07-25,48.29,Ship to 65-B,8901 Milton Dr.,Albuquerque,NM,10286,USA
10263,20,9,3,2020-07-23,2020-08-20,2020-07-31,146.06,Destination FFXKT,Kirchgasse 0123,Graz,NULL,10158,Austria
10264,24,6,3,2020-07-24,2020-08-21,2020-08-23,3.67,Destination KBSBN,Åkergatan 9012,Bräcke,NULL,10167,Sweden
10265,7,2,1,2020-07-25,2020-08-22,2020-08-12,55.28,Ship to 7-A,"0123, place Kléber",Strasbourg,NULL,10329,France
10266,87,3,3,2020-07-26,2020-09-06,2020-07-31,25.73,Ship to 87-B,Torikatu 2345,Oulu,NULL,10351,Finland
10267,25,4,1,2020-07-29,2020-08-26,2020-08-06,208.58,Destination VAPXU,Berliner Platz 0123,München,NULL,10168,Germany
10268,33,8,3,2020-07-30,2020-08-27,2020-08-02,66.29,Destination QJVQH,5ª Ave. Los Palos Grandes 5678,Caracas,DF,10193,Venezuela
10269,89,5,1,2020-07-31,2020-08-14,2020-08-09,4.56,Ship to 89-B,8901 - 12th Ave. S.,Seattle,WA,10357,USA
10270,87,1,1,2020-08-01,2020-08-29,2020-08-02,136.54,Ship to 87-B,Torikatu 2345,Oulu,NULL,10351,Finland
10271,75,6,2,2020-08-01,2020-08-29,2020-08-30,4.54,Ship to 75-C,P.O. Box 7890,Lander,WY,10316,USA
10272,65,6,2,2020-08-02,2020-08-30,2020-08-06,98.03,Ship to 65-A,7890 Milton Dr.,Albuquerque,NM,10285,USA
10273,63,3,3,2020-08-05,2020-09-02,2020-08-12,76.07,Ship to 63-A,Taucherstraße 1234,Cunewalde,NULL,10279,Germany
10274,85,6,1,2020-08-06,2020-09-03,2020-08-16,6.01,Ship to 85-B,6789 rue de l'Abbaye,Reims,NULL,10345,France
10275,49,1,1,2020-08-07,2020-09-04,2020-08-09,26.93,Ship to 49-A,Via Ludovico il Moro 8901,Bergamo,NULL,10235,Italy
10276,80,8,3,2020-08-08,2020-08-22,2020-08-14,13.84,Ship to 80-C,Avda. Azteca 5678,México D.F.,NULL,10334,Mexico
10277,52,2,3,2020-08-09,2020-09-06,2020-08-13,125.77,Ship to 52-A,Heerstr. 9012,Leipzig,NULL,10247,Germany
10278,5,8,2,2020-08-12,2020-09-09,2020-08-16,92.69,Ship to 5-C,Berguvsvägen  1234,Luleå,NULL,10269,Sweden
10279,44,8,2,2020-08-13,2020-09-10,2020-08-16,25.83,Ship to 44-A,Magazinweg 4567,Frankfurt a.M.,NULL,10222,Germany
10280,5,2,1,2020-08-14,2020-09-11,2020-09-12,8.98,Ship to 5-B,Berguvsvägen  0123,Luleå,NULL,10268,Sweden
10281,69,4,1,2020-08-14,2020-08-28,2020-08-21,2.94,Ship to 69-A,"Gran Vía, 9012",Madrid,NULL,10297,Spain
10282,69,4,1,2020-08-15,2020-09-12,2020-08-21,12.69,Ship to 69-B,"Gran Vía, 0123",Madrid,NULL,10298,Spain
10283,46,3,3,2020-08-16,2020-09-13,2020-08-23,84.81,Ship to 46-A,Carrera 0123 con Ave. Bolívar #65-98 Llano Largo,Barquisimeto,Lara,10227,Venezuela
10284,44,4,1,2020-08-19,2020-09-16,2020-08-27,76.56,Ship to 44-A,Magazinweg 4567,Frankfurt a.M.,NULL,10222,Germany
10285,63,1,2,2020-08-20,2020-09-17,2020-08-26,76.83,Ship to 63-B,Taucherstraße 2345,Cunewalde,NULL,10280,Germany
10286,63,8,3,2020-08-21,2020-09-18,2020-08-30,229.24,Ship to 63-B,Taucherstraße 2345,Cunewalde,NULL,10280,Germany
10287,67,8,3,2020-08-22,2020-09-19,2020-08-28,12.76,Ship to 67-A,"Av. Copacabana, 3456",Rio de Janeiro,RJ,10291,Brazil
10288,66,4,1,2020-08-23,2020-09-20,2020-09-03,7.45,Ship to 66-C,Strada Provinciale 2345,Reggio Emilia,NULL,10290,Italy
10289,11,7,3,2020-08-26,2020-09-23,2020-08-28,22.77,Destination DLEUN,Fauntleroy Circus 4567,London,<None>,10132,UK
10290,15,8,1,2020-08-27,2020-09-24,2020-09-03,79.70,Destination HQZHO,"Av. dos Lusíadas, 4567",Sao Paulo,SP,10142,Brazil
10291,61,6,2,2020-08-27,2020-09-24,2020-09-04,6.40,Ship to 61-A,"Rua da Panificadora, 5678",Rio de Janeiro,RJ,10273,Brazil
10292,81,1,2,2020-08-28,2020-09-25,2020-09-02,1.35,Ship to 81-A,"Av. Inês de Castro, 6789",Sao Paulo,SP,10335,Brazil
10293,80,1,3,2020-08-29,2020-09-26,2020-09-11,21.18,Ship to 80-B,Avda. Azteca 4567,México D.F.,NULL,10333,Mexico
10294,65,4,2,2020-08-30,2020-09-27,2020-09-05,147.26,Ship to 65-A,7890 Milton Dr.,Albuquerque,NM,10285,USA
10295,85,2,2,2020-09-02,2020-09-30,2020-09-10,1.15,Ship to 85-C,7890 rue de l'Abbaye,Reims,NULL,10346,France
10296,46,6,1,2020-09-03,2020-10-01,2020-09-11,0.12,Ship to 46-C,Carrera 2345 con Ave. Bolívar #65-98 Llano Largo,Barquisimeto,Lara,10229,Venezuela
10297,7,5,2,2020-09-04,2020-10-16,2020-09-10,5.74,Ship to 7-C,"2345, place Kléber",Strasbourg,NULL,10331,France
10298,37,6,2,2020-09-05,2020-10-03,2020-09-11,168.22,Destination ATSOA,4567 Johnstown Road,Cork,Co. Cork,10202,Ireland
10299,67,4,2,2020-09-06,2020-10-04,2020-09-13,29.76,Ship to 67-A,"Av. Copacabana, 3456",Rio de Janeiro,RJ,10291,Brazil
10300,49,2,2,2020-09-09,2020-10-07,2020-09-18,17.68,Ship to 49-A,Via Ludovico il Moro 8901,Bergamo,NULL,10235,Italy
10301,86,8,2,2020-09-09,2020-10-07,2020-09-17,45.08,Ship to 86-A,Adenauerallee 8901,Stuttgart,NULL,10347,Germany
10302,76,4,2,2020-09-10,2020-10-08,2020-10-09,6.27,Ship to 76-B,"Boulevard Tirou, 9012",Charleroi,NULL,10318,Belgium
10303,30,7,2,2020-09-11,2020-10-09,2020-09-18,107.83,Destination IIYDD,"C/ Romero, 5678",Sevilla,NULL,10183,Spain
10304,80,1,2,2020-09-12,2020-10-10,2020-09-17,63.79,Ship to 80-C,Avda. Azteca 5678,México D.F.,NULL,10334,Mexico
10305,55,8,3,2020-09-13,2020-10-11,2020-10-09,257.62,Ship to 55-B,8901 Bering St.,Anchorage,AK,10256,USA
10306,69,1,3,2020-09-16,2020-10-14,2020-09-23,7.56,Ship to 69-B,"Gran Vía, 0123",Madrid,NULL,10298,Spain
10307,48,2,2,2020-09-17,2020-10-15,2020-09-25,0.56,Ship to 48-B,6789 Chiaroscuro Rd.,Portland,OR,10233,USA
10308,2,7,3,2020-09-18,2020-10-16,2020-09-24,1.61,Destination QMVCI,Avda. de la Constitución 2345,México D.F.,NULL,10180,Mexico
10309,37,3,1,2020-09-19,2020-10-17,2020-10-23,47.30,Destination ATSOA,4567 Johnstown Road,Cork,Co. Cork,10202,Ireland
10310,77,8,2,2020-09-20,2020-10-18,2020-09-27,17.52,Ship to 77-B,2345 Jefferson Way Suite 2,Portland,OR,10321,USA
10311,18,1,3,2020-09-20,2020-10-04,2020-09-26,24.69,Destination SNPXM,"0123, rue des Cinquante Otages",Nantes,NULL,10148,France
10312,86,2,2,2020-09-23,2020-10-21,2020-10-03,40.26,Ship to 86-B,Adenauerallee 9012,Stuttgart,NULL,10348,Germany
10313,63,2,2,2020-09-24,2020-10-22,2020-10-04,1.96,Ship to 63-A,Taucherstraße 1234,Cunewalde,NULL,10279,Germany
10314,65,1,2,2020-09-25,2020-10-23,2020-10-04,74.16,Ship to 65-A,7890 Milton Dr.,Albuquerque,NM,10285,USA
10315,38,4,2,2020-09-26,2020-10-24,2020-10-03,41.76,Destination AXVHD,Garden House Crowther Way 9012,Cowes,Isle of Wight,10207,UK
10316,65,1,3,2020-09-27,2020-10-25,2020-10-08,150.15,Ship to 65-B,8901 Milton Dr.,Albuquerque,NM,10286,USA
10317,48,6,1,2020-09-30,2020-10-28,2020-10-10,12.69,Ship to 48-B,6789 Chiaroscuro Rd.,Portland,OR,10233,USA
10318,38,8,2,2020-10-01,2020-10-29,2020-10-04,4.73,Destination AXVHD,Garden House Crowther Way 9012,Cowes,Isle of Wight,10207,UK
10319,80,7,3,2020-10-02,2020-10-30,2020-10-11,64.50,Ship to 80-B,Avda. Azteca 4567,México D.F.,NULL,10333,Mexico
10320,87,5,3,2020-10-03,2020-10-17,2020-10-18,34.57,Ship to 87-A,Torikatu 1234,Oulu,NULL,10350,Finland
10321,38,3,2,2020-10-03,2020-10-31,2020-10-11,3.43,Destination LMVGS,Garden House Crowther Way 8901,Cowes,Isle of Wight,10206,UK
10322,58,7,3,2020-10-04,2020-11-01,2020-10-23,0.40,Ship to 58-A,Calle Dr. Jorge Cash 3456,México D.F.,NULL,10261,Mexico
10323,39,4,1,2020-10-07,2020-11-04,2020-10-14,4.88,Destination RMBHM,Maubelstr. 1234,Brandenburg,NULL,10209,Germany
10324,71,9,1,2020-10-08,2020-11-05,2020-10-10,214.27,Ship to 71-C,9012 Suffolk Ln.,Boise,ID,10307,USA
10325,39,1,3,2020-10-09,2020-10-23,2020-10-14,64.86,Destination RMBHM,Maubelstr. 1234,Brandenburg,NULL,10209,Germany
10326,8,4,2,2020-10-10,2020-11-07,2020-10-14,77.92,Ship to 8-A,"C/ Araquil, 0123",Madrid,NULL,10359,Spain
10327,24,2,1,2020-10-11,2020-11-08,2020-10-14,63.36,Destination NCKKO,Åkergatan 7890,Bräcke,NULL,10165,Sweden
10328,28,4,3,2020-10-14,2020-11-11,2020-10-17,87.03,Destination CIRQO,Jardim das rosas n. 8901,Lisboa,NULL,10176,Portugal
10329,75,4,2,2020-10-15,2020-11-26,2020-10-23,191.67,Ship to 75-C,P.O. Box 7890,Lander,WY,10316,USA
10330,46,3,1,2020-10-16,2020-11-13,2020-10-28,12.75,Ship to 46-A,Carrera 0123 con Ave. Bolívar #65-98 Llano Largo,Barquisimeto,Lara,10227,Venezuela
10331,9,9,1,2020-10-16,2020-11-27,2020-10-21,10.19,Ship to 9-C,"0123, rue des Bouchers",Marseille,NULL,10369,France
10332,51,3,2,2020-10-17,2020-11-28,2020-10-21,52.84,Ship to 51-B,7890 rue St. Laurent,Montréal,Québec,10245,Canada
10333,87,5,3,2020-10-18,2020-11-15,2020-10-25,0.59,Ship to 87-C,Torikatu 3456,Oulu,NULL,10352,Finland
10334,84,8,2,2020-10-21,2020-11-18,2020-10-28,8.56,Ship to 84-B,"4567, rue du Commerce",Lyon,NULL,10343,France
10335,37,7,2,2020-10-22,2020-11-19,2020-10-24,42.11,Destination ATSOA,4567 Johnstown Road,Cork,Co. Cork,10202,Ireland
10336,60,7,2,2020-10-23,2020-11-20,2020-10-25,15.51,Ship to 60-B,Estrada da saúde n. 3456,Lisboa,NULL,10271,Portugal
10337,25,4,3,2020-10-24,2020-11-21,2020-10-29,108.26,Destination QOCBL,Berliner Platz 1234,München,NULL,10169,Germany
10338,55,4,3,2020-10-25,2020-11-22,2020-10-29,84.21,Ship to 55-C,9012 Bering St.,Anchorage,AK,10257,USA
10339,51,2,2,2020-10-28,2020-11-25,2020-11-04,15.66,Ship to 51-C,8901 rue St. Laurent,Montréal,Québec,10246,Canada
10340,9,1,3,2020-10-29,2020-11-26,2020-11-08,166.31,Ship to 9-A,"8901, rue des Bouchers",Marseille,NULL,10367,France
10341,73,7,3,2020-10-29,2020-11-26,2020-11-05,26.78,Ship to 73-A,Vinbæltet 1234,Kobenhavn,NULL,10310,Denmark
10342,25,4,2,2020-10-30,2020-11-13,2020-11-04,54.83,Destination VAPXU,Berliner Platz 0123,München,NULL,10168,Germany
10343,44,4,1,2020-10-31,2020-11-28,2020-11-06,110.37,Ship to 44-A,Magazinweg 4567,Frankfurt a.M.,NULL,10222,Germany
10344,89,4,2,2020-11-01,2020-11-29,2020-11-05,23.29,Ship to 89-A,7890 - 12th Ave. S.,Seattle,WA,10356,USA
10345,63,2,2,2020-11-04,2020-12-02,2020-11-11,249.06,Ship to 63-B,Taucherstraße 2345,Cunewalde,NULL,10280,Germany
10346,65,3,3,2020-11-05,2020-12-17,2020-11-08,142.08,Ship to 65-A,7890 Milton Dr.,Albuquerque,NM,10285,USA
10347,21,4,3,2020-11-06,2020-12-04,2020-11-08,3.10,Destination KKELL,"Rua Orós, 4567",Sao Paulo,SP,10162,Brazil
10348,86,4,2,2020-11-07,2020-12-05,2020-11-15,0.78,Ship to 86-B,Adenauerallee 9012,Stuttgart,NULL,10348,Germany
10349,75,7,1,2020-11-08,2020-12-06,2020-11-15,8.63,Ship to 75-C,P.O. Box 7890,Lander,WY,10316,USA
10350,41,6,2,2020-11-11,2020-12-09,2020-12-03,64.19,Destination DWJIO,9012 rue Alsace-Lorraine,Toulouse,NULL,10217,France
10351,20,1,1,2020-11-11,2020-12-09,2020-11-20,162.33,Destination RVDMF,Kirchgasse 9012,Graz,NULL,10157,Austria
10352,28,3,3,2020-11-12,2020-11-26,2020-11-18,1.30,Destination OTSWR,Jardim das rosas n. 9012,Lisboa,NULL,10177,Portugal
10353,59,7,3,2020-11-13,2020-12-11,2020-11-25,360.63,Ship to 59-B,Geislweg 7890,Salzburg,NULL,10265,Austria
10354,58,8,3,2020-11-14,2020-12-12,2020-11-20,53.80,Ship to 58-C,Calle Dr. Jorge Cash 5678,México D.F.,NULL,10263,Mexico
10355,4,6,1,2020-11-15,2020-12-13,2020-11-20,41.95,Ship to 4-A,Brook Farm Stratford St. Mary 0123,London,<None>,10238,UK
10356,86,6,2,2020-11-18,2020-12-16,2020-11-27,36.71,Ship to 86-A,Adenauerallee 8901,Stuttgart,NULL,10347,Germany
10357,46,1,3,2020-11-19,2020-12-17,2020-12-02,34.88,Ship to 46-B,Carrera 1234 con Ave. Bolívar #65-98 Llano Largo,Barquisimeto,Lara,10228,Venezuela
10358,41,5,1,2020-11-20,2020-12-18,2020-11-27,19.64,Ship to 41-C,0123 rue Alsace-Lorraine,Toulouse,NULL,10218,France
10359,72,5,3,2020-11-21,2020-12-19,2020-11-26,288.43,Ship to 72-C,1234 Wadhurst Rd.,London,<None>,10309,UK
10360,7,4,3,2020-11-22,2020-12-20,2020-12-02,131.70,Ship to 7-C,"2345, place Kléber",Strasbourg,NULL,10331,France
10361,63,1,2,2020-11-22,2020-12-20,2020-12-03,183.17,Ship to 63-C,Taucherstraße 3456,Cunewalde,NULL,10281,Germany
10362,9,3,1,2020-11-25,2020-12-23,2020-11-28,96.04,Ship to 9-B,"9012, rue des Bouchers",Marseille,NULL,10368,France
10363,17,4,3,2020-11-26,2020-12-24,2020-12-04,30.54,Destination BJCXA,Walserweg 7890,Aachen,NULL,10145,Germany
10364,19,1,1,2020-11-26,2021-01-07,2020-12-04,71.97,Destination QTKCU,3456 King George,London,<None>,10151,UK
10365,3,3,2,2020-11-27,2020-12-25,2020-12-02,22.00,Destination FQFLS,Mataderos  3456,México D.F.,NULL,10211,Mexico
10366,29,8,2,2020-11-28,2021-01-09,2020-12-30,10.14,Destination VPNNG,"Rambla de Cataluña, 0123",Barcelona,NULL,10178,Spain
10367,83,7,3,2020-11-28,2020-12-26,2020-12-02,13.55,Ship to 83-B,Smagsloget 1234,Århus,NULL,10340,Denmark
10368,20,2,2,2020-11-29,2020-12-27,2020-12-02,101.95,Destination RVDMF,Kirchgasse 9012,Graz,NULL,10157,Austria
10369,75,8,2,2020-12-02,2020-12-30,2020-12-09,195.68,Ship to 75-C,P.O. Box 7890,Lander,WY,10316,USA
10370,14,6,2,2020-12-03,2020-12-31,2020-12-27,1.17,Destination YUJRD,Hauptstr. 1234,Bern,NULL,10139,Switzerland
10371,41,1,1,2020-12-03,2020-12-31,2020-12-24,0.45,Ship to 41-C,0123 rue Alsace-Lorraine,Toulouse,NULL,10218,France
10372,62,5,2,2020-12-04,2021-01-01,2020-12-09,890.78,Ship to 62-A,"Alameda dos Canàrios, 8901",Sao Paulo,SP,10276,Brazil
10373,37,4,3,2020-12-05,2021-01-02,2020-12-11,124.12,Destination KPVYJ,5678 Johnstown Road,Cork,Co. Cork,10203,Ireland
10374,91,1,3,2020-12-05,2021-01-02,2020-12-09,3.94,Ship to 91-A,ul. Filtrowa 5678,Warszawa,NULL,10364,Poland
10375,36,3,2,2020-12-06,2021-01-03,2020-12-09,20.12,Destination HOHCR,City Center Plaza 3456 Main St.,Elgin,OR,10201,USA
10376,51,1,2,2020-12-09,2021-01-06,2020-12-13,20.39,Ship to 51-B,7890 rue St. Laurent,Montréal,Québec,10245,Canada
10377,72,1,3,2020-12-09,2021-01-06,2020-12-13,22.21,Ship to 72-C,1234 Wadhurst Rd.,London,<None>,10309,UK
10378,24,5,3,2020-12-10,2021-01-07,2020-12-19,5.44,Destination KBSBN,Åkergatan 9012,Bräcke,NULL,10167,Sweden
10379,61,2,1,2020-12-11,2021-01-08,2020-12-13,45.03,Ship to 61-B,"Rua da Panificadora, 6789",Rio de Janeiro,RJ,10274,Brazil
10380,37,8,3,2020-12-12,2021-01-09,2021-01-16,35.03,Destination KPVYJ,5678 Johnstown Road,Cork,Co. Cork,10203,Ireland
10381,46,3,3,2020-12-12,2021-01-09,2020-12-13,7.99,Ship to 46-C,Carrera 2345 con Ave. Bolívar #65-98 Llano Largo,Barquisimeto,Lara,10229,Venezuela
10382,20,4,1,2020-12-13,2021-01-10,2020-12-16,94.77,Destination FFXKT,Kirchgasse 0123,Graz,NULL,10158,Austria
10383,4,8,3,2020-12-16,2021-01-13,2020-12-18,34.24,Ship to 4-B,Brook Farm Stratford St. Mary 1234,London,<None>,10239,UK
10384,5,3,3,2020-12-16,2021-01-13,2020-12-20,168.64,Ship to 5-C,Berguvsvägen  1234,Luleå,NULL,10269,Sweden
10385,75,1,2,2020-12-17,2021-01-14,2020-12-23,30.96,Ship to 75-B,P.O. Box 6789,Lander,WY,10315,USA
10386,21,9,3,2020-12-18,2021-01-01,2020-12-25,13.99,Destination RNSMS,"Rua Orós, 2345",Sao Paulo,SP,10160,Brazil
10387,70,1,2,2020-12-18,2021-01-15,2020-12-20,93.63,Ship to 70-B,Erling Skakkes gate 5678,Stavern,NULL,10303,Norway
10388,72,2,1,2020-12-19,2021-01-16,2020-12-20,34.86,Ship to 72-C,1234 Wadhurst Rd.,London,<None>,10309,UK
10389,10,4,2,2020-12-20,2021-01-17,2020-12-24,47.42,Destination OLSSJ,2345 Tsawassen Blvd.,Tsawassen,BC,10130,Canada
10390,20,6,1,2020-12-23,2021-01-20,2020-12-26,126.38,Destination RVDMF,Kirchgasse 9012,Graz,NULL,10157,Austria
10391,17,3,3,2020-12-23,2021-01-20,2020-12-31,5.45,Destination AJTHX,Walserweg 9012,Aachen,NULL,10147,Germany
10392,59,2,3,2020-12-24,2021-01-21,2021-01-01,122.46,Ship to 59-A,Geislweg 6789,Salzburg,NULL,10264,Austria
10393,71,1,3,2020-12-25,2021-01-22,2021-01-03,126.56,Ship to 71-B,8901 Suffolk Ln.,Boise,ID,10306,USA
10394,36,1,3,2020-12-25,2021-01-22,2021-01-03,30.34,Destination AWPJG,City Center Plaza 2345 Main St.,Elgin,OR,10200,USA
10395,35,6,1,2020-12-26,2021-01-23,2021-01-03,184.41,Destination JYDLM,Carrera1234 con Ave. Carlos Soublette #8-35,San Cristóbal,Táchira,10199,Venezuela
10396,25,1,3,2020-12-27,2021-01-10,2021-01-06,135.35,Destination VAPXU,Berliner Platz 0123,München,NULL,10168,Germany
10397,60,5,1,2020-12-27,2021-01-24,2021-01-02,60.26,Ship to 60-A,Estrada da saúde n. 2345,Lisboa,NULL,10270,Portugal
10398,71,2,3,2020-12-30,2021-01-27,2021-01-09,89.16,Ship to 71-C,9012 Suffolk Ln.,Boise,ID,10307,USA
10399,83,8,3,2020-12-31,2021-01-14,2021-01-08,27.36,Ship to 83-C,Smagsloget 2345,Århus,NULL,10341,Denmark
10400,19,1,3,2021-01-01,2021-01-29,2021-01-16,83.93,Destination BBMRT,4567 King George,London,<None>,10152,UK
10401,65,1,1,2021-01-01,2021-01-29,2021-01-10,12.51,Ship to 65-A,7890 Milton Dr.,Albuquerque,NM,10285,USA
10402,20,8,2,2021-01-02,2021-02-13,2021-01-10,67.88,Destination FFXKT,Kirchgasse 0123,Graz,NULL,10158,Austria
10403,20,4,3,2021-01-03,2021-01-31,2021-01-09,73.79,Destination RVDMF,Kirchgasse 9012,Graz,NULL,10157,Austria
10404,49,2,1,2021-01-03,2021-01-31,2021-01-08,155.97,Ship to 49-B,Via Ludovico il Moro 9012,Bergamo,NULL,10236,Italy
10405,47,1,1,2021-01-06,2021-02-03,2021-01-22,34.82,Ship to 47-B,Ave. 5 de Mayo Porlamar 4567,I. de Margarita,Nueva Esparta,10231,Venezuela
10406,62,7,1,2021-01-07,2021-02-18,2021-01-13,108.04,Ship to 62-A,"Alameda dos Canàrios, 8901",Sao Paulo,SP,10276,Brazil
10407,56,2,2,2021-01-07,2021-02-04,2021-01-30,91.48,Ship to 56-B,Mehrheimerstr. 1234,Köln,NULL,10259,Germany
10408,23,8,1,2021-01-08,2021-02-05,2021-01-14,11.26,Destination PXQRR,"5678, chaussée de Tournai",Lille,NULL,10163,France
10409,54,3,1,2021-01-09,2021-02-06,2021-01-14,29.83,Ship to 54-C,Ing. Gustavo Moncada 6789 Piso 20-A,Buenos Aires,NULL,10254,Argentina
10410,10,3,3,2021-01-10,2021-02-07,2021-01-15,2.40,Destination OLSSJ,2345 Tsawassen Blvd.,Tsawassen,BC,10130,Canada
10411,10,9,3,2021-01-10,2021-02-07,2021-01-21,23.65,Destination XJIBQ,1234 Tsawassen Blvd.,Tsawassen,BC,10129,Canada
10412,87,8,2,2021-01-13,2021-02-10,2021-01-15,3.77,Ship to 87-C,Torikatu 3456,Oulu,NULL,10352,Finland
10413,41,3,2,2021-01-14,2021-02-11,2021-01-16,95.66,Destination DWJIO,9012 rue Alsace-Lorraine,Toulouse,NULL,10217,France
10414,21,2,3,2021-01-14,2021-02-11,2021-01-17,21.48,Destination SSYXZ,"Rua Orós, 3456",Sao Paulo,SP,10161,Brazil
10415,36,3,1,2021-01-15,2021-02-12,2021-01-24,0.20,Destination AWPJG,City Center Plaza 2345 Main St.,Elgin,OR,10200,USA
10416,87,8,3,2021-01-16,2021-02-13,2021-01-27,22.72,Ship to 87-A,Torikatu 1234,Oulu,NULL,10350,Finland
10417,73,4,3,2021-01-16,2021-02-13,2021-01-28,70.29,Ship to 73-C,Vinbæltet 2345,Kobenhavn,NULL,10311,Denmark
10418,63,4,1,2021-01-17,2021-02-14,2021-01-24,17.55,Ship to 63-B,Taucherstraße 2345,Cunewalde,NULL,10280,Germany
10419,68,4,2,2021-01-20,2021-02-17,2021-01-30,137.35,Ship to 68-A,Starenweg 6789,Genève,NULL,10294,Switzerland
10420,88,3,1,2021-01-21,2021-02-18,2021-01-27,44.12,Ship to 88-C,"Rua do Mercado, 6789",Resende,SP,10355,Brazil
10421,61,8,1,2021-01-21,2021-03-04,2021-01-27,99.23,Ship to 61-C,"Rua da Panificadora, 7890",Rio de Janeiro,RJ,10275,Brazil
10422,27,2,1,2021-01-22,2021-02-19,2021-01-31,3.02,Destination FFLQT,Via Monte Bianco 6789,Torino,NULL,10174,Italy
10423,31,6,3,2021-01-23,2021-02-06,2021-02-24,24.50,Destination VNIAG,"Av. Brasil, 9012",Campinas,SP,10187,Brazil
10424,51,7,2,2021-01-23,2021-02-20,2021-01-27,370.61,Ship to 51-C,8901 rue St. Laurent,Montréal,Québec,10246,Canada
10425,41,6,2,2021-01-24,2021-02-21,2021-02-14,7.93,Destination DWJIO,9012 rue Alsace-Lorraine,Toulouse,NULL,10217,France
10426,29,4,1,2021-01-27,2021-02-24,2021-02-06,18.69,Destination WOFLH,"Rambla de Cataluña, 1234",Barcelona,NULL,10179,Spain
10427,59,4,2,2021-01-27,2021-02-24,2021-03-03,31.29,Ship to 59-C,Geislweg 8901,Salzburg,NULL,10266,Austria
10428,66,7,1,2021-01-28,2021-02-25,2021-02-04,11.09,Ship to 66-C,Strada Provinciale 2345,Reggio Emilia,NULL,10290,Italy
10429,37,3,2,2021-01-29,2021-03-12,2021-02-07,56.63,Destination DGKOU,6789 Johnstown Road,Cork,Co. Cork,10204,Ireland
10430,20,4,1,2021-01-30,2021-02-13,2021-02-03,458.78,Destination CUVPF,Kirchgasse 1234,Graz,NULL,10159,Austria
10431,10,4,2,2021-01-30,2021-02-13,2021-02-07,44.17,Destination OLSSJ,2345 Tsawassen Blvd.,Tsawassen,BC,10130,Canada
10432,75,3,2,2021-01-31,2021-02-14,2021-02-07,4.34,Ship to 75-A,P.O. Box 5678,Lander,WY,10314,USA
10433,60,3,3,2021-02-03,2021-03-03,2021-03-04,73.83,Ship to 60-A,Estrada da saúde n. 2345,Lisboa,NULL,10270,Portugal
10434,24,3,2,2021-02-03,2021-03-03,2021-02-13,17.92,Destination NCKKO,Åkergatan 7890,Bräcke,NULL,10165,Sweden
10435,16,8,2,2021-02-04,2021-03-18,2021-02-07,9.21,Destination QKQNB,Berkeley Gardens 5678  Brewery,London,<None>,10143,UK
10436,7,3,2,2021-02-05,2021-03-05,2021-02-11,156.66,Ship to 7-C,"2345, place Kléber",Strasbourg,NULL,10331,France
10437,87,8,1,2021-02-05,2021-03-05,2021-02-12,19.97,Ship to 87-A,Torikatu 1234,Oulu,NULL,10350,Finland
10438,79,3,2,2021-02-06,2021-03-06,2021-02-14,8.24,Ship to 79-A,Luisenstr. 7890,Münster,NULL,10326,Germany
10439,51,6,3,2021-02-07,2021-03-07,2021-02-10,4.07,Ship to 51-C,8901 rue St. Laurent,Montréal,Québec,10246,Canada
10440,71,4,2,2021-02-10,2021-03-10,2021-02-28,86.53,Ship to 71-B,8901 Suffolk Ln.,Boise,ID,10306,USA
10441,55,3,2,2021-02-10,2021-03-24,2021-03-14,73.02,Ship to 55-C,9012 Bering St.,Anchorage,AK,10257,USA
10442,20,3,2,2021-02-11,2021-03-11,2021-02-18,47.94,Destination RVDMF,Kirchgasse 9012,Graz,NULL,10157,Austria
10443,66,8,1,2021-02-12,2021-03-12,2021-02-14,13.95,Ship to 66-C,Strada Provinciale 2345,Reggio Emilia,NULL,10290,Italy
10444,5,3,3,2021-02-12,2021-03-12,2021-02-21,3.50,Ship to 5-B,Berguvsvägen  0123,Luleå,NULL,10268,Sweden
10445,5,3,1,2021-02-13,2021-03-13,2021-02-20,9.30,Ship to 5-A,Berguvsvägen  9012,Luleå,NULL,10267,Sweden
10446,79,6,1,2021-02-14,2021-03-14,2021-02-19,14.68,Ship to 79-C,Luisenstr. 9012,Münster,NULL,10328,Germany
10447,67,4,2,2021-02-14,2021-03-14,2021-03-07,68.66,Ship to 67-C,"Av. Copacabana, 5678",Rio de Janeiro,RJ,10293,Brazil
10448,64,4,2,2021-02-17,2021-03-17,2021-02-24,38.82,Ship to 64-A,Av. del Libertador 4567,Buenos Aires,NULL,10282,Argentina
10449,7,3,2,2021-02-18,2021-03-18,2021-02-27,53.30,Ship to 7-C,"2345, place Kléber",Strasbourg,NULL,10331,France
10450,84,8,2,2021-02-19,2021-03-19,2021-03-11,7.23,Ship to 84-C,"5678, rue du Commerce",Lyon,NULL,10344,France
10451,63,4,3,2021-02-19,2021-03-05,2021-03-12,189.09,Ship to 63-C,Taucherstraße 3456,Cunewalde,NULL,10281,Germany
10452,71,8,1,2021-02-20,2021-03-20,2021-02-26,140.26,Ship to 71-B,8901 Suffolk Ln.,Boise,ID,10306,USA
10453,4,1,2,2021-02-21,2021-03-21,2021-02-26,25.36,Ship to 4-C,Brook Farm Stratford St. Mary 2345,London,<None>,10240,UK
10454,41,4,3,2021-02-21,2021-03-21,2021-02-25,2.74,Ship to 41-C,0123 rue Alsace-Lorraine,Toulouse,NULL,10218,France
10455,87,8,2,2021-02-24,2021-04-07,2021-03-03,180.45,Ship to 87-B,Torikatu 2345,Oulu,NULL,10351,Finland
10456,39,8,2,2021-02-25,2021-04-08,2021-02-28,8.12,Destination DKMQA,Maubelstr. 0123,Brandenburg,NULL,10208,Germany
10457,39,2,1,2021-02-25,2021-03-25,2021-03-03,11.57,Destination RMBHM,Maubelstr. 1234,Brandenburg,NULL,10209,Germany
10458,76,7,3,2021-02-26,2021-03-26,2021-03-04,147.06,Ship to 76-A,"Boulevard Tirou, 8901",Charleroi,NULL,10317,Belgium
10459,84,4,2,2021-02-27,2021-03-27,2021-02-28,25.09,Ship to 84-B,"4567, rue du Commerce",Lyon,NULL,10343,France
10460,24,8,1,2021-02-28,2021-03-28,2021-03-03,16.27,Destination YCMPK,Åkergatan 8901,Bräcke,NULL,10166,Sweden
10461,46,1,3,2021-02-28,2021-03-28,2021-03-05,148.61,Ship to 46-A,Carrera 0123 con Ave. Bolívar #65-98 Llano Largo,Barquisimeto,Lara,10227,Venezuela
10462,16,2,1,2021-03-03,2021-03-31,2021-03-18,6.17,Destination ARRMM,Berkeley Gardens 6789  Brewery,London,<None>,10144,UK
10463,76,5,3,2021-03-04,2021-04-01,2021-03-06,14.78,Ship to 76-B,"Boulevard Tirou, 9012",Charleroi,NULL,10318,Belgium
10464,28,4,2,2021-03-04,2021-04-01,2021-03-14,89.00,Destination OTSWR,Jardim das rosas n. 9012,Lisboa,NULL,10177,Portugal
10465,83,1,3,2021-03-05,2021-04-02,2021-03-14,145.04,Ship to 83-A,Smagsloget 0123,Århus,NULL,10339,Denmark
10466,15,4,1,2021-03-06,2021-04-03,2021-03-13,11.93,Destination GGSQD,"Av. dos Lusíadas, 2345",Sao Paulo,SP,10140,Brazil
10467,49,8,2,2021-03-06,2021-04-03,2021-03-11,4.93,Ship to 49-C,Via Ludovico il Moro 0123,Bergamo,NULL,10237,Italy
10468,39,3,3,2021-03-07,2021-04-04,2021-03-12,44.12,Destination RMBHM,Maubelstr. 1234,Brandenburg,NULL,10209,Germany
10469,89,1,1,2021-03-10,2021-04-07,2021-03-14,60.18,Ship to 89-C,9012 - 12th Ave. S.,Seattle,WA,10358,USA
10470,9,4,2,2021-03-11,2021-04-08,2021-03-14,64.56,Ship to 9-C,"0123, rue des Bouchers",Marseille,NULL,10369,France
10471,11,2,3,2021-03-11,2021-04-08,2021-03-18,45.59,Destination NZASL,Fauntleroy Circus 5678,London,<None>,10133,UK
10472,72,8,1,2021-03-12,2021-04-09,2021-03-19,4.20,Ship to 72-A,0123 Wadhurst Rd.,London,<None>,10308,UK
10473,38,1,3,2021-03-13,2021-03-27,2021-03-21,16.37,Destination AXVHD,Garden House Crowther Way 9012,Cowes,Isle of Wight,10207,UK
10474,58,5,2,2021-03-13,2021-04-10,2021-03-21,83.49,Ship to 58-C,Calle Dr. Jorge Cash 5678,México D.F.,NULL,10263,Mexico
10475,76,9,1,2021-03-14,2021-04-11,2021-04-04,68.52,Ship to 76-C,"Boulevard Tirou, 0123",Charleroi,NULL,10319,Belgium
10476,35,8,3,2021-03-17,2021-04-14,2021-03-24,4.41,Destination SXYQX,Carrera 0123 con Ave. Carlos Soublette #8-35,San Cristóbal,Táchira,10198,Venezuela
10477,60,5,2,2021-03-17,2021-04-14,2021-03-25,13.02,Ship to 60-A,Estrada da saúde n. 2345,Lisboa,NULL,10270,Portugal
10478,84,2,3,2021-03-18,2021-04-01,2021-03-26,4.81,Ship to 84-C,"5678, rue du Commerce",Lyon,NULL,10344,France
10479,65,3,3,2021-03-19,2021-04-16,2021-03-21,708.95,Ship to 65-C,9012 Milton Dr.,Albuquerque,NM,10287,USA
10480,23,6,2,2021-03-20,2021-04-17,2021-03-24,1.35,Destination AGPCO,"6789, chaussée de Tournai",Lille,NULL,10164,France
10481,67,8,2,2021-03-20,2021-04-17,2021-03-25,64.33,Ship to 67-A,"Av. Copacabana, 3456",Rio de Janeiro,RJ,10291,Brazil
10482,43,1,3,2021-03-21,2021-04-18,2021-04-10,7.48,Ship to 43-B,3456 Orchestra Terrace,Walla Walla,WA,10221,USA
10483,89,7,2,2021-03-24,2021-04-21,2021-04-25,15.28,Ship to 89-A,7890 - 12th Ave. S.,Seattle,WA,10356,USA
10484,11,3,3,2021-03-24,2021-04-21,2021-04-01,6.88,Destination DLEUN,Fauntleroy Circus 4567,London,<None>,10132,UK
10485,47,4,2,2021-03-25,2021-04-08,2021-03-31,64.45,Ship to 47-B,Ave. 5 de Mayo Porlamar 4567,I. de Margarita,Nueva Esparta,10231,Venezuela
10486,35,1,2,2021-03-26,2021-04-23,2021-04-02,30.53,Destination UOUWK,Carrera 9012 con Ave. Carlos Soublette #8-35,San Cristóbal,Táchira,10197,Venezuela
10487,62,2,2,2021-03-26,2021-04-23,2021-03-28,71.07,Ship to 62-B,"Alameda dos Canàrios, 9012",Sao Paulo,SP,10277,Brazil
10488,25,8,2,2021-03-27,2021-04-24,2021-04-02,4.93,Destination VAPXU,Berliner Platz 0123,München,NULL,10168,Germany
10489,59,6,2,2021-03-28,2021-04-25,2021-04-09,5.29,Ship to 59-C,Geislweg 8901,Salzburg,NULL,10266,Austria
10490,35,7,2,2021-03-31,2021-04-28,2021-04-03,210.19,Destination JYDLM,Carrera1234 con Ave. Carlos Soublette #8-35,San Cristóbal,Táchira,10199,Venezuela
10491,28,8,3,2021-03-31,2021-04-28,2021-04-08,16.96,Destination OTSWR,Jardim das rosas n. 9012,Lisboa,NULL,10177,Portugal
10492,10,3,1,2021-04-01,2021-04-29,2021-04-11,62.89,Destination XJIBQ,1234 Tsawassen Blvd.,Tsawassen,BC,10129,Canada
10493,41,4,3,2021-04-02,2021-04-30,2021-04-10,10.64,Destination OLJND,8901 rue Alsace-Lorraine,Toulouse,NULL,10216,France
10494,15,4,2,2021-04-02,2021-04-30,2021-04-09,65.99,Destination EVHYA,"Av. dos Lusíadas, 3456",Sao Paulo,SP,10141,Brazil
10495,42,3,3,2021-04-03,2021-05-01,2021-04-11,4.65,Ship to 42-C,2345 Elm St.,Vancouver,BC,10220,Canada
10496,81,7,2,2021-04-04,2021-05-02,2021-04-07,46.77,Ship to 81-C,"Av. Inês de Castro, 7890",Sao Paulo,SP,10336,Brazil
10497,44,7,1,2021-04-04,2021-05-02,2021-04-07,36.21,Ship to 44-A,Magazinweg 4567,Frankfurt a.M.,NULL,10222,Germany
10498,35,8,2,2021-04-07,2021-05-05,2021-04-11,29.75,Destination SXYQX,Carrera 0123 con Ave. Carlos Soublette #8-35,San Cristóbal,Táchira,10198,Venezuela
10499,46,4,2,2021-04-08,2021-05-06,2021-04-16,102.02,Ship to 46-C,Carrera 2345 con Ave. Bolívar #65-98 Llano Largo,Barquisimeto,Lara,10229,Venezuela
10500,41,6,1,2021-04-09,2021-05-07,2021-04-17,42.68,Destination OLJND,8901 rue Alsace-Lorraine,Toulouse,NULL,10216,France
10501,6,9,3,2021-04-09,2021-05-07,2021-04-16,8.85,Ship to 6-C,Forsterstr. 4567,Mannheim,NULL,10302,Germany
10502,58,2,1,2021-04-10,2021-05-08,2021-04-29,69.32,Ship to 58-B,Calle Dr. Jorge Cash 4567,México D.F.,NULL,10262,Mexico
10503,37,6,2,2021-04-11,2021-05-09,2021-04-16,16.74,Destination ATSOA,4567 Johnstown Road,Cork,Co. Cork,10202,Ireland
10504,89,4,3,2021-04-11,2021-05-09,2021-04-18,59.13,Ship to 89-B,8901 - 12th Ave. S.,Seattle,WA,10357,USA
10505,51,3,3,2021-04-14,2021-05-12,2021-04-21,7.13,Ship to 51-B,7890 rue St. Laurent,Montréal,Québec,10245,Canada
10506,39,9,2,2021-04-15,2021-05-13,2021-05-02,21.19,Destination DKMQA,Maubelstr. 0123,Brandenburg,NULL,10208,Germany
10507,3,7,1,2021-04-15,2021-05-13,2021-04-22,47.45,Destination FQFLS,Mataderos  3456,México D.F.,NULL,10211,Mexico
10508,56,1,2,2021-04-16,2021-05-14,2021-05-13,4.99,Ship to 56-C,Mehrheimerstr. 2345,Köln,NULL,10260,Germany
10509,6,4,1,2021-04-17,2021-05-15,2021-04-29,0.15,Ship to 6-A,Forsterstr. 2345,Mannheim,NULL,10300,Germany
10510,71,6,3,2021-04-18,2021-05-16,2021-04-28,367.63,Ship to 71-A,7890 Suffolk Ln.,Boise,ID,10305,USA
10511,9,4,3,2021-04-18,2021-05-16,2021-04-21,350.64,Ship to 9-B,"9012, rue des Bouchers",Marseille,NULL,10368,France
10512,21,7,2,2021-04-21,2021-05-19,2021-04-24,3.53,Destination RNSMS,"Rua Orós, 2345",Sao Paulo,SP,10160,Brazil
10513,86,7,1,2021-04-22,2021-06-03,2021-04-28,105.65,Ship to 86-A,Adenauerallee 8901,Stuttgart,NULL,10347,Germany
10514,20,3,2,2021-04-22,2021-05-20,2021-05-16,789.95,Destination CUVPF,Kirchgasse 1234,Graz,NULL,10159,Austria
10515,63,2,1,2021-04-23,2021-05-07,2021-05-23,204.47,Ship to 63-B,Taucherstraße 2345,Cunewalde,NULL,10280,Germany
10516,37,2,3,2021-04-24,2021-05-22,2021-05-01,62.78,Destination DGKOU,6789 Johnstown Road,Cork,Co. Cork,10204,Ireland
10517,53,3,3,2021-04-24,2021-05-22,2021-04-29,32.07,Ship to 53-A,South House 2345 Queensbridge,London,<None>,10250,UK
10518,80,4,2,2021-04-25,2021-05-09,2021-05-05,218.15,Ship to 80-B,Avda. Azteca 4567,México D.F.,NULL,10333,Mexico
10519,14,6,3,2021-04-28,2021-05-26,2021-05-01,91.76,Destination NRTZZ,Hauptstr. 0123,Bern,NULL,10138,Switzerland
10520,70,7,1,2021-04-29,2021-05-27,2021-05-01,13.37,Ship to 70-B,Erling Skakkes gate 5678,Stavern,NULL,10303,Norway
10521,12,8,2,2021-04-29,2021-05-27,2021-05-02,17.22,Destination QTHBC,Cerrito 6789,Buenos Aires,NULL,10134,Argentina
10522,44,4,1,2021-04-30,2021-05-28,2021-05-06,45.33,Ship to 44-A,Magazinweg 4567,Frankfurt a.M.,NULL,10222,Germany
10523,72,7,2,2021-05-01,2021-05-29,2021-05-30,77.63,Ship to 72-C,1234 Wadhurst Rd.,London,<None>,10309,UK
10524,5,1,2,2021-05-01,2021-05-29,2021-05-07,244.79,Ship to 5-A,Berguvsvägen  9012,Luleå,NULL,10267,Sweden
10525,9,1,2,2021-05-02,2021-05-30,2021-05-23,11.06,Ship to 9-B,"9012, rue des Bouchers",Marseille,NULL,10368,France
10526,87,4,2,2021-05-05,2021-06-02,2021-05-15,58.59,Ship to 87-C,Torikatu 3456,Oulu,NULL,10352,Finland
10527,63,7,1,2021-05-05,2021-06-02,2021-05-07,41.90,Ship to 63-B,Taucherstraße 2345,Cunewalde,NULL,10280,Germany
10528,32,6,2,2021-05-06,2021-05-20,2021-05-09,3.35,Destination LLUXZ,1234 Baker Blvd.,Eugene,OR,10189,USA
10529,50,5,2,2021-05-07,2021-06-04,2021-05-09,66.69,Ship to 50-B,Rue Joseph-Bens 4567,Bruxelles,NULL,10242,Belgium
10530,59,3,2,2021-05-08,2021-06-05,2021-05-12,339.22,Ship to 59-C,Geislweg 8901,Salzburg,NULL,10266,Austria
10531,54,7,1,2021-05-08,2021-06-05,2021-05-19,8.12,Ship to 54-A,Ing. Gustavo Moncada 4567 Piso 20-A,Buenos Aires,NULL,10252,Argentina
10532,19,7,3,2021-05-09,2021-06-06,2021-05-12,74.46,Destination QTKCU,3456 King George,London,<None>,10151,UK
10533,24,8,1,2021-05-12,2021-06-09,2021-05-22,188.04,Destination KBSBN,Åkergatan 9012,Bräcke,NULL,10167,Sweden
10534,44,8,2,2021-05-12,2021-06-09,2021-05-14,27.94,Ship to 44-A,Magazinweg 4567,Frankfurt a.M.,NULL,10222,Germany
10535,3,4,1,2021-05-13,2021-06-10,2021-05-21,15.64,Destination FQFLS,Mataderos  3456,México D.F.,NULL,10211,Mexico
10536,44,3,2,2021-05-14,2021-06-11,2021-06-06,58.88,Ship to 44-B,Magazinweg 5678,Frankfurt a.M.,NULL,10223,Germany
10537,68,1,1,2021-05-14,2021-05-28,2021-05-19,78.85,Ship to 68-B,Starenweg 7890,Genève,NULL,10295,Switzerland
10538,11,9,3,2021-05-15,2021-06-12,2021-05-16,4.87,Destination DLEUN,Fauntleroy Circus 4567,London,<None>,10132,UK
10539,11,6,3,2021-05-16,2021-06-13,2021-05-23,12.36,Destination DLEUN,Fauntleroy Circus 4567,London,<None>,10132,UK
10540,63,3,3,2021-05-19,2021-06-16,2021-06-13,1007.64,Ship to 63-C,Taucherstraße 3456,Cunewalde,NULL,10281,Germany
10541,34,2,1,2021-05-19,2021-06-16,2021-05-29,68.65,Destination SCQXA,"Rua do Paço, 7890",Rio de Janeiro,RJ,10195,Brazil
10542,39,1,3,2021-05-20,2021-06-17,2021-05-26,10.95,Destination DKMQA,Maubelstr. 0123,Brandenburg,NULL,10208,Germany
10543,46,8,2,2021-05-21,2021-06-18,2021-05-23,48.17,Ship to 46-B,Carrera 1234 con Ave. Bolívar #65-98 Llano Largo,Barquisimeto,Lara,10228,Venezuela
10544,48,4,1,2021-05-21,2021-06-18,2021-05-30,24.91,Ship to 48-C,7890 Chiaroscuro Rd.,Portland,OR,10234,USA
10545,43,8,2,2021-05-22,2021-06-19,2021-06-26,11.92,Ship to 43-B,3456 Orchestra Terrace,Walla Walla,WA,10221,USA
10546,84,1,3,2021-05-23,2021-06-20,2021-05-27,194.72,Ship to 84-C,"5678, rue du Commerce",Lyon,NULL,10344,France
10547,72,3,2,2021-05-23,2021-06-20,2021-06-02,178.43,Ship to 72-C,1234 Wadhurst Rd.,London,<None>,10309,UK
10548,79,3,2,2021-05-26,2021-06-23,2021-06-02,1.43,Ship to 79-A,Luisenstr. 7890,Münster,NULL,10326,Germany
10549,63,5,1,2021-05-27,2021-06-10,2021-05-30,171.24,Ship to 63-C,Taucherstraße 3456,Cunewalde,NULL,10281,Germany
10550,30,7,3,2021-05-28,2021-06-25,2021-06-06,4.32,Destination GGQIR,"C/ Romero, 6789",Sevilla,NULL,10184,Spain
10551,28,4,3,2021-05-28,2021-07-09,2021-06-06,72.95,Destination OTSWR,Jardim das rosas n. 9012,Lisboa,NULL,10177,Portugal
10552,35,2,1,2021-05-29,2021-06-26,2021-06-05,83.22,Destination UOUWK,Carrera 9012 con Ave. Carlos Soublette #8-35,San Cristóbal,Táchira,10197,Venezuela
10553,87,2,2,2021-05-30,2021-06-27,2021-06-03,149.49,Ship to 87-B,Torikatu 2345,Oulu,NULL,10351,Finland
10554,56,4,3,2021-05-30,2021-06-27,2021-06-05,120.97,Ship to 56-C,Mehrheimerstr. 2345,Köln,NULL,10260,Germany
10555,71,6,3,2021-06-02,2021-06-30,2021-06-04,252.49,Ship to 71-B,8901 Suffolk Ln.,Boise,ID,10306,USA
10556,73,2,1,2021-06-03,2021-07-15,2021-06-13,9.80,Ship to 73-A,Vinbæltet 1234,Kobenhavn,NULL,10310,Denmark
10557,44,9,2,2021-06-03,2021-06-17,2021-06-06,96.72,Ship to 44-C,Magazinweg 6789,Frankfurt a.M.,NULL,10224,Germany
10558,4,1,2,2021-06-04,2021-07-02,2021-06-10,72.97,Ship to 4-B,Brook Farm Stratford St. Mary 1234,London,<None>,10239,UK
10559,7,6,1,2021-06-05,2021-07-03,2021-06-13,8.05,Ship to 7-B,"1234, place Kléber",Strasbourg,NULL,10330,France
10560,25,8,1,2021-06-06,2021-07-04,2021-06-09,36.65,Destination QOCBL,Berliner Platz 1234,München,NULL,10169,Germany
10561,24,2,2,2021-06-06,2021-07-04,2021-06-09,242.21,Destination YCMPK,Åkergatan 8901,Bräcke,NULL,10166,Sweden
10562,66,1,1,2021-06-09,2021-07-07,2021-06-12,22.95,Ship to 66-B,Strada Provinciale 1234,Reggio Emilia,NULL,10289,Italy
10563,67,2,2,2021-06-10,2021-07-22,2021-06-24,60.43,Ship to 67-B,"Av. Copacabana, 4567",Rio de Janeiro,RJ,10292,Brazil
10564,65,4,3,2021-06-10,2021-07-08,2021-06-16,13.75,Ship to 65-B,8901 Milton Dr.,Albuquerque,NM,10286,USA
10565,51,8,2,2021-06-11,2021-07-09,2021-06-18,7.15,Ship to 51-C,8901 rue St. Laurent,Montréal,Québec,10246,Canada
10566,7,9,1,2021-06-12,2021-07-10,2021-06-18,88.40,Ship to 7-C,"2345, place Kléber",Strasbourg,NULL,10331,France
10567,37,1,1,2021-06-12,2021-07-10,2021-06-17,33.97,Destination DGKOU,6789 Johnstown Road,Cork,Co. Cork,10204,Ireland
10568,29,3,3,2021-06-13,2021-07-11,2021-07-09,6.54,Destination VPNNG,"Rambla de Cataluña, 0123",Barcelona,NULL,10178,Spain
10569,65,5,1,2021-06-16,2021-07-14,2021-07-11,58.98,Ship to 65-B,8901 Milton Dr.,Albuquerque,NM,10286,USA
10570,51,3,3,2021-06-17,2021-07-15,2021-06-19,188.99,Ship to 51-C,8901 rue St. Laurent,Montréal,Québec,10246,Canada
10571,20,8,3,2021-06-17,2021-07-29,2021-07-04,26.06,Destination RVDMF,Kirchgasse 9012,Graz,NULL,10157,Austria
10572,5,3,2,2021-06-18,2021-07-16,2021-06-25,116.43,Ship to 5-B,Berguvsvägen  0123,Luleå,NULL,10268,Sweden
10573,3,7,3,2021-06-19,2021-07-17,2021-06-20,84.84,Destination LANNN,Mataderos  4567,México D.F.,NULL,10212,Mexico
10574,82,4,2,2021-06-19,2021-07-17,2021-06-30,37.60,Ship to 82-A,8901 DaVinci Blvd.,Kirkland,WA,10337,USA
10575,52,5,1,2021-06-20,2021-07-04,2021-06-30,127.34,Ship to 52-C,Heerstr. 1234,Leipzig,NULL,10249,Germany
10576,80,3,3,2021-06-23,2021-07-07,2021-06-30,18.56,Ship to 80-C,Avda. Azteca 5678,México D.F.,NULL,10334,Mexico
10577,82,9,2,2021-06-23,2021-08-04,2021-06-30,25.41,Ship to 82-B,9012 DaVinci Blvd.,Kirkland,WA,10338,USA
10578,11,4,3,2021-06-24,2021-07-22,2021-07-25,29.60,Destination NZASL,Fauntleroy Circus 5678,London,<None>,10133,UK
10579,45,1,2,2021-06-25,2021-07-23,2021-07-04,13.73,Ship to 45-C,9012 Polk St. Suite 5,San Francisco,CA,10226,USA
10580,56,4,3,2021-06-26,2021-07-24,2021-07-01,75.89,Ship to 56-C,Mehrheimerstr. 2345,Köln,NULL,10260,Germany
10581,21,3,1,2021-06-26,2021-07-24,2021-07-02,3.01,Destination SSYXZ,"Rua Orós, 3456",Sao Paulo,SP,10161,Brazil
10582,6,3,2,2021-06-27,2021-07-25,2021-07-14,27.71,Ship to 6-A,Forsterstr. 2345,Mannheim,NULL,10300,Germany
10583,87,2,2,2021-06-30,2021-07-28,2021-07-04,7.28,Ship to 87-C,Torikatu 3456,Oulu,NULL,10352,Finland
10584,7,4,1,2021-06-30,2021-07-28,2021-07-04,59.14,Ship to 7-B,"1234, place Kléber",Strasbourg,NULL,10330,France
10585,88,7,1,2021-07-01,2021-07-29,2021-07-10,13.41,Ship to 88-A,"Rua do Mercado, 4567",Resende,SP,10353,Brazil
10586,66,9,1,2021-07-02,2021-07-30,2021-07-09,0.48,Ship to 66-B,Strada Provinciale 1234,Reggio Emilia,NULL,10289,Italy
10587,61,1,1,2021-07-02,2021-07-30,2021-07-09,62.52,Ship to 61-C,"Rua da Panificadora, 7890",Rio de Janeiro,RJ,10275,Brazil
10588,63,2,3,2021-07-03,2021-07-31,2021-07-10,194.67,Ship to 63-A,Taucherstraße 1234,Cunewalde,NULL,10279,Germany
10589,32,8,2,2021-07-04,2021-08-01,2021-07-14,4.42,Destination AVQUS,2345 Baker Blvd.,Eugene,OR,10190,USA
10590,51,4,3,2021-07-07,2021-08-04,2021-07-14,44.77,Ship to 51-B,7890 rue St. Laurent,Montréal,Québec,10245,Canada
10591,83,1,1,2021-07-07,2021-07-21,2021-07-16,55.92,Ship to 83-A,Smagsloget 0123,Århus,NULL,10339,Denmark
10592,44,3,1,2021-07-08,2021-08-05,2021-07-16,32.10,Ship to 44-B,Magazinweg 5678,Frankfurt a.M.,NULL,10223,Germany
10593,44,7,2,2021-07-09,2021-08-06,2021-08-13,174.20,Ship to 44-C,Magazinweg 6789,Frankfurt a.M.,NULL,10224,Germany
10594,55,3,2,2021-07-09,2021-08-06,2021-07-16,5.24,Ship to 55-B,8901 Bering St.,Anchorage,AK,10256,USA
10595,20,2,1,2021-07-10,2021-08-07,2021-07-14,96.78,Destination CUVPF,Kirchgasse 1234,Graz,NULL,10159,Austria
10596,89,8,1,2021-07-11,2021-08-08,2021-08-12,16.34,Ship to 89-C,9012 - 12th Ave. S.,Seattle,WA,10358,USA
10597,59,7,3,2021-07-11,2021-08-08,2021-07-18,35.12,Ship to 59-B,Geislweg 7890,Salzburg,NULL,10265,Austria
10598,65,1,3,2021-07-14,2021-08-11,2021-07-18,44.42,Ship to 65-C,9012 Milton Dr.,Albuquerque,NM,10287,USA
10599,11,6,3,2021-07-15,2021-08-26,2021-07-21,29.98,Destination DLEUN,Fauntleroy Circus 4567,London,<None>,10132,UK
10600,36,4,1,2021-07-16,2021-08-13,2021-07-21,45.13,Destination HOHCR,City Center Plaza 3456 Main St.,Elgin,OR,10201,USA
10601,35,7,1,2021-07-16,2021-08-27,2021-07-22,58.30,Destination UOUWK,Carrera 9012 con Ave. Carlos Soublette #8-35,San Cristóbal,Táchira,10197,Venezuela
10602,83,8,2,2021-07-17,2021-08-14,2021-07-22,2.92,Ship to 83-A,Smagsloget 0123,Århus,NULL,10339,Denmark
10603,71,8,2,2021-07-18,2021-08-15,2021-08-08,48.77,Ship to 71-C,9012 Suffolk Ln.,Boise,ID,10307,USA
10604,28,1,1,2021-07-18,2021-08-15,2021-07-29,7.46,Destination CIRQO,Jardim das rosas n. 8901,Lisboa,NULL,10176,Portugal
10605,51,1,2,2021-07-21,2021-08-18,2021-07-29,379.13,Ship to 51-B,7890 rue St. Laurent,Montréal,Québec,10245,Canada
10606,81,4,3,2021-07-22,2021-08-19,2021-07-31,79.40,Ship to 81-C,"Av. Inês de Castro, 7890",Sao Paulo,SP,10336,Brazil
10607,71,5,1,2021-07-22,2021-08-19,2021-07-25,200.24,Ship to 71-C,9012 Suffolk Ln.,Boise,ID,10307,USA
10608,79,4,2,2021-07-23,2021-08-20,2021-08-01,27.79,Ship to 79-C,Luisenstr. 9012,Münster,NULL,10328,Germany
10609,18,7,2,2021-07-24,2021-08-21,2021-07-30,1.85,Destination SNPXM,"0123, rue des Cinquante Otages",Nantes,NULL,10148,France
10610,41,8,1,2021-07-25,2021-08-22,2021-08-06,26.78,Ship to 41-C,0123 rue Alsace-Lorraine,Toulouse,NULL,10218,France
10611,91,6,2,2021-07-25,2021-08-22,2021-08-01,80.65,Ship to 91-B,ul. Filtrowa 6789,Warszawa,NULL,10365,Poland
10612,71,1,2,2021-07-28,2021-08-25,2021-08-01,544.08,Ship to 71-A,7890 Suffolk Ln.,Boise,ID,10305,USA
10613,35,4,2,2021-07-29,2021-08-26,2021-08-01,8.11,Destination JYDLM,Carrera1234 con Ave. Carlos Soublette #8-35,San Cristóbal,Táchira,10199,Venezuela
10614,6,8,3,2021-07-29,2021-08-26,2021-08-01,1.93,Ship to 6-A,Forsterstr. 2345,Mannheim,NULL,10300,Germany
10615,90,2,3,2021-07-30,2021-08-27,2021-08-06,0.75,Ship to 90-B,Keskuskatu 3456,Helsinki,NULL,10362,Finland
10616,32,1,2,2021-07-31,2021-08-28,2021-08-05,116.53,Destination LLUXZ,1234 Baker Blvd.,Eugene,OR,10189,USA
10617,32,4,2,2021-07-31,2021-08-28,2021-08-04,18.53,Destination AVQUS,2345 Baker Blvd.,Eugene,OR,10190,USA
10618,51,1,1,2021-08-01,2021-09-12,2021-08-08,154.68,Ship to 51-C,8901 rue St. Laurent,Montréal,Québec,10246,Canada
10619,51,3,3,2021-08-04,2021-09-01,2021-08-07,91.05,Ship to 51-B,7890 rue St. Laurent,Montréal,Québec,10245,Canada
10620,42,2,3,2021-08-05,2021-09-02,2021-08-14,0.94,Ship to 42-A,1234 Elm St.,Vancouver,BC,10219,Canada
10621,38,4,2,2021-08-05,2021-09-02,2021-08-11,23.73,Destination LMVGS,Garden House Crowther Way 8901,Cowes,Isle of Wight,10206,UK
10622,67,4,3,2021-08-06,2021-09-03,2021-08-11,50.97,Ship to 67-A,"Av. Copacabana, 3456",Rio de Janeiro,RJ,10291,Brazil
10623,25,8,2,2021-08-07,2021-09-04,2021-08-12,97.18,Destination VAPXU,Berliner Platz 0123,München,NULL,10168,Germany
10624,78,4,2,2021-08-07,2021-09-04,2021-08-19,94.80,Ship to 78-C,6789 Grizzly Peak Rd.,Butte,MT,10325,USA
10625,2,3,1,2021-08-08,2021-09-05,2021-08-14,43.90,Destination QOTQA,Avda. de la Constitución 3456,México D.F.,NULL,10181,Mexico
10626,5,1,2,2021-08-11,2021-09-08,2021-08-20,138.69,Ship to 5-A,Berguvsvägen  9012,Luleå,NULL,10267,Sweden
10627,71,8,3,2021-08-11,2021-09-22,2021-08-21,107.46,Ship to 71-B,8901 Suffolk Ln.,Boise,ID,10306,USA
10628,7,4,3,2021-08-12,2021-09-09,2021-08-20,30.36,Ship to 7-B,"1234, place Kléber",Strasbourg,NULL,10330,France
10629,30,4,3,2021-08-12,2021-09-09,2021-08-20,85.46,Destination IIYDD,"C/ Romero, 5678",Sevilla,NULL,10183,Spain
10630,39,1,2,2021-08-13,2021-09-10,2021-08-19,32.35,Destination RMBHM,Maubelstr. 1234,Brandenburg,NULL,10209,Germany
10631,41,8,1,2021-08-14,2021-09-11,2021-08-15,0.87,Destination OLJND,8901 rue Alsace-Lorraine,Toulouse,NULL,10216,France
10632,86,8,1,2021-08-14,2021-09-11,2021-08-19,41.38,Ship to 86-C,Adenauerallee 0123,Stuttgart,NULL,10349,Germany
10633,20,7,3,2021-08-15,2021-09-12,2021-08-18,477.90,Destination FFXKT,Kirchgasse 0123,Graz,NULL,10158,Austria
10634,23,4,3,2021-08-15,2021-09-12,2021-08-21,487.38,Destination AGPCO,"6789, chaussée de Tournai",Lille,NULL,10164,France
10635,49,8,3,2021-08-18,2021-09-15,2021-08-21,47.46,Ship to 49-A,Via Ludovico il Moro 8901,Bergamo,NULL,10235,Italy
10636,87,4,1,2021-08-19,2021-09-16,2021-08-26,1.15,Ship to 87-A,Torikatu 1234,Oulu,NULL,10350,Finland
10637,62,6,1,2021-08-19,2021-09-16,2021-08-26,201.29,Ship to 62-C,"Alameda dos Canàrios, 0123",Sao Paulo,SP,10278,Brazil
10638,47,3,1,2021-08-20,2021-09-17,2021-09-01,158.44,Ship to 47-B,Ave. 5 de Mayo Porlamar 4567,I. de Margarita,Nueva Esparta,10231,Venezuela
10639,70,7,3,2021-08-20,2021-09-17,2021-08-27,38.64,Ship to 70-B,Erling Skakkes gate 5678,Stavern,NULL,10303,Norway
10640,86,4,1,2021-08-21,2021-09-18,2021-08-28,23.55,Ship to 86-A,Adenauerallee 8901,Stuttgart,NULL,10347,Germany
10641,35,4,2,2021-08-22,2021-09-19,2021-08-26,179.61,Destination JYDLM,Carrera1234 con Ave. Carlos Soublette #8-35,San Cristóbal,Táchira,10199,Venezuela
10642,73,7,3,2021-08-22,2021-09-19,2021-09-05,41.89,Ship to 73-C,Vinbæltet 2345,Kobenhavn,NULL,10311,Denmark
10643,1,6,1,2021-08-25,2021-09-22,2021-09-02,29.46,Destination LOUIE,Obere Str. 6789,Berlin,NULL,10154,Germany
10644,88,3,2,2021-08-25,2021-09-22,2021-09-01,0.14,Ship to 88-A,"Rua do Mercado, 4567",Resende,SP,10353,Brazil
10645,34,4,1,2021-08-26,2021-09-23,2021-09-02,12.41,Destination DPCVR,"Rua do Paço, 6789",Rio de Janeiro,RJ,10194,Brazil
10646,37,9,3,2021-08-27,2021-10-08,2021-09-03,142.33,Destination ATSOA,4567 Johnstown Road,Cork,Co. Cork,10202,Ireland
10647,61,4,2,2021-08-27,2021-09-10,2021-09-03,45.54,Ship to 61-B,"Rua da Panificadora, 6789",Rio de Janeiro,RJ,10274,Brazil
10648,67,5,2,2021-08-28,2021-10-09,2021-09-09,14.25,Ship to 67-C,"Av. Copacabana, 5678",Rio de Janeiro,RJ,10293,Brazil
10649,50,5,3,2021-08-28,2021-09-25,2021-08-29,6.20,Ship to 50-B,Rue Joseph-Bens 4567,Bruxelles,NULL,10242,Belgium
10650,21,5,3,2021-08-29,2021-09-26,2021-09-03,176.81,Destination SSYXZ,"Rua Orós, 3456",Sao Paulo,SP,10161,Brazil
10651,86,8,2,2021-09-01,2021-09-29,2021-09-11,20.60,Ship to 86-A,Adenauerallee 8901,Stuttgart,NULL,10347,Germany
10652,31,4,2,2021-09-01,2021-09-29,2021-09-08,7.14,Destination VNIAG,"Av. Brasil, 9012",Campinas,SP,10187,Brazil
10653,25,1,1,2021-09-02,2021-09-30,2021-09-19,93.25,Destination QOCBL,Berliner Platz 1234,München,NULL,10169,Germany
10654,5,5,1,2021-09-02,2021-09-30,2021-09-11,55.26,Ship to 5-C,Berguvsvägen  1234,Luleå,NULL,10269,Sweden
10655,66,1,2,2021-09-03,2021-10-01,2021-09-11,4.41,Ship to 66-B,Strada Provinciale 1234,Reggio Emilia,NULL,10289,Italy
10656,32,6,1,2021-09-04,2021-10-02,2021-09-10,57.15,Destination AVQUS,2345 Baker Blvd.,Eugene,OR,10190,USA
10657,71,2,2,2021-09-04,2021-10-02,2021-09-15,352.69,Ship to 71-A,7890 Suffolk Ln.,Boise,ID,10305,USA
10658,63,4,1,2021-09-05,2021-10-03,2021-09-08,364.15,Ship to 63-C,Taucherstraße 3456,Cunewalde,NULL,10281,Germany
10659,62,7,2,2021-09-05,2021-10-03,2021-09-10,105.81,Ship to 62-B,"Alameda dos Canàrios, 9012",Sao Paulo,SP,10277,Brazil
10660,36,8,1,2021-09-08,2021-10-06,2021-10-15,111.29,Destination HOHCR,City Center Plaza 3456 Main St.,Elgin,OR,10201,USA
10661,37,7,3,2021-09-09,2021-10-07,2021-09-15,17.55,Destination ATSOA,4567 Johnstown Road,Cork,Co. Cork,10202,Ireland
10662,48,3,2,2021-09-09,2021-10-07,2021-09-18,1.28,Ship to 48-C,7890 Chiaroscuro Rd.,Portland,OR,10234,USA
10663,9,2,2,2021-09-10,2021-09-24,2021-10-03,113.15,Ship to 9-B,"9012, rue des Bouchers",Marseille,NULL,10368,France
10664,28,1,3,2021-09-10,2021-10-08,2021-09-19,1.27,Destination OTSWR,Jardim das rosas n. 9012,Lisboa,NULL,10177,Portugal
10665,48,1,2,2021-09-11,2021-10-09,2021-09-17,26.31,Ship to 48-B,6789 Chiaroscuro Rd.,Portland,OR,10233,USA
10666,68,7,2,2021-09-12,2021-10-10,2021-09-22,232.42,Ship to 68-A,Starenweg 6789,Genève,NULL,10294,Switzerland
10667,20,7,1,2021-09-12,2021-10-10,2021-09-19,78.09,Destination CUVPF,Kirchgasse 1234,Graz,NULL,10159,Austria
10668,86,1,2,2021-09-15,2021-10-13,2021-09-23,47.22,Ship to 86-C,Adenauerallee 0123,Stuttgart,NULL,10349,Germany
10669,73,2,1,2021-09-15,2021-10-13,2021-09-22,24.39,Ship to 73-A,Vinbæltet 1234,Kobenhavn,NULL,10310,Denmark
10670,25,4,1,2021-09-16,2021-10-14,2021-09-18,203.48,Destination QOCBL,Berliner Platz 1234,München,NULL,10169,Germany
10671,26,1,1,2021-09-17,2021-10-15,2021-09-24,30.34,Destination OPXJT,"4567, rue Royale",Nantes,NULL,10172,France
10672,5,9,2,2021-09-17,2021-10-01,2021-09-26,95.75,Ship to 5-C,Berguvsvägen  1234,Luleå,NULL,10269,Sweden
10673,90,2,1,2021-09-18,2021-10-16,2021-09-19,22.76,Ship to 90-B,Keskuskatu 3456,Helsinki,NULL,10362,Finland
10674,38,4,2,2021-09-18,2021-10-16,2021-09-30,0.90,Destination QVTLW,Garden House Crowther Way 7890,Cowes,Isle of Wight,10205,UK
10675,25,5,2,2021-09-19,2021-10-17,2021-09-23,31.85,Destination WEGWI,Berliner Platz 2345,München,NULL,10170,Germany
10676,80,2,2,2021-09-22,2021-10-20,2021-09-29,2.01,Ship to 80-C,Avda. Azteca 5678,México D.F.,NULL,10334,Mexico
10677,3,1,3,2021-09-22,2021-10-20,2021-09-26,4.03,Destination LANNN,Mataderos  4567,México D.F.,NULL,10212,Mexico
10678,71,7,3,2021-09-23,2021-10-21,2021-10-16,388.98,Ship to 71-A,7890 Suffolk Ln.,Boise,ID,10305,USA
10679,7,8,3,2021-09-23,2021-10-21,2021-09-30,27.94,Ship to 7-A,"0123, place Kléber",Strasbourg,NULL,10329,France
10680,55,1,1,2021-09-24,2021-10-22,2021-09-26,26.61,Ship to 55-B,8901 Bering St.,Anchorage,AK,10256,USA
10681,32,3,3,2021-09-25,2021-10-23,2021-09-30,76.13,Destination AVQUS,2345 Baker Blvd.,Eugene,OR,10190,USA
10682,3,3,2,2021-09-25,2021-10-23,2021-10-01,36.13,Destination RTGIS,Mataderos  2345,México D.F.,NULL,10210,Mexico
10683,18,2,1,2021-09-26,2021-10-24,2021-10-01,4.40,Destination FVRGC,"2345, rue des Cinquante Otages",Nantes,NULL,10150,France
10684,56,3,1,2021-09-26,2021-10-24,2021-09-30,145.63,Ship to 56-B,Mehrheimerstr. 1234,Köln,NULL,10259,Germany
10685,31,4,2,2021-09-29,2021-10-13,2021-10-03,33.75,Destination VNIAG,"Av. Brasil, 9012",Campinas,SP,10187,Brazil
10686,59,2,1,2021-09-30,2021-10-28,2021-10-08,96.50,Ship to 59-B,Geislweg 7890,Salzburg,NULL,10265,Austria
10687,37,9,2,2021-09-30,2021-10-28,2021-10-30,296.43,Destination KPVYJ,5678 Johnstown Road,Cork,Co. Cork,10203,Ireland
10688,83,4,2,2021-10-01,2021-10-15,2021-10-07,299.09,Ship to 83-A,Smagsloget 0123,Århus,NULL,10339,Denmark
10689,5,1,2,2021-10-01,2021-10-29,2021-10-07,13.42,Ship to 5-B,Berguvsvägen  0123,Luleå,NULL,10268,Sweden
10690,34,1,1,2021-10-02,2021-10-30,2021-10-03,15.80,Destination JPAIY,"Rua do Paço, 8901",Rio de Janeiro,RJ,10196,Brazil
10691,63,2,2,2021-10-03,2021-11-14,2021-10-22,810.05,Ship to 63-B,Taucherstraße 2345,Cunewalde,NULL,10280,Germany
10692,1,4,2,2021-10-03,2021-10-31,2021-10-13,61.02,Destination RSVRP,Obere Str. 8901,Berlin,NULL,10156,Germany
10693,89,3,3,2021-10-06,2021-10-20,2021-10-10,139.34,Ship to 89-C,9012 - 12th Ave. S.,Seattle,WA,10358,USA
10694,63,8,3,2021-10-06,2021-11-03,2021-10-09,398.36,Ship to 63-A,Taucherstraße 1234,Cunewalde,NULL,10279,Germany
10695,90,7,1,2021-10-07,2021-11-18,2021-10-14,16.72,Ship to 90-C,Keskuskatu 4567,Helsinki,NULL,10363,Finland
10696,89,8,3,2021-10-08,2021-11-19,2021-10-14,102.55,Ship to 89-A,7890 - 12th Ave. S.,Seattle,WA,10356,USA
10697,47,3,1,2021-10-08,2021-11-05,2021-10-14,45.52,Ship to 47-B,Ave. 5 de Mayo Porlamar 4567,I. de Margarita,Nueva Esparta,10231,Venezuela
10698,20,4,1,2021-10-09,2021-11-06,2021-10-17,272.47,Destination RVDMF,Kirchgasse 9012,Graz,NULL,10157,Austria
10699,52,3,3,2021-10-09,2021-11-06,2021-10-13,0.58,Ship to 52-B,Heerstr. 0123,Leipzig,NULL,10248,Germany
10700,71,3,1,2021-10-10,2021-11-07,2021-10-16,65.10,Ship to 71-C,9012 Suffolk Ln.,Boise,ID,10307,USA
10701,37,6,3,2021-10-13,2021-10-27,2021-10-15,220.31,Destination KPVYJ,5678 Johnstown Road,Cork,Co. Cork,10203,Ireland
10702,1,4,1,2021-10-13,2021-11-24,2021-10-21,23.94,Destination ZELZJ,Obere Str. 7890,Berlin,NULL,10155,Germany
10703,24,6,2,2021-10-14,2021-11-11,2021-10-20,152.30,Destination KBSBN,Åkergatan 9012,Bräcke,NULL,10167,Sweden
10704,62,6,1,2021-10-14,2021-11-11,2021-11-07,4.78,Ship to 62-C,"Alameda dos Canàrios, 0123",Sao Paulo,SP,10278,Brazil
10705,35,9,2,2021-10-15,2021-11-12,2021-11-18,3.52,Destination JYDLM,Carrera1234 con Ave. Carlos Soublette #8-35,San Cristóbal,Táchira,10199,Venezuela
10706,55,8,3,2021-10-16,2021-11-13,2021-10-21,135.63,Ship to 55-C,9012 Bering St.,Anchorage,AK,10257,USA
10707,4,4,3,2021-10-16,2021-10-30,2021-10-23,21.74,Ship to 4-A,Brook Farm Stratford St. Mary 0123,London,<None>,10238,UK
10708,77,6,2,2021-10-17,2021-11-28,2021-11-05,2.96,Ship to 77-C,3456 Jefferson Way Suite 2,Portland,OR,10322,USA
10709,31,1,3,2021-10-17,2021-11-14,2021-11-20,210.80,Destination GWPFK,"Av. Brasil, 0123",Campinas,SP,10188,Brazil
10710,27,1,1,2021-10-20,2021-11-17,2021-10-23,4.98,Destination FFLQT,Via Monte Bianco 6789,Torino,NULL,10174,Italy
10711,71,5,2,2021-10-21,2021-12-02,2021-10-29,52.41,Ship to 71-A,7890 Suffolk Ln.,Boise,ID,10305,USA
10712,37,3,1,2021-10-21,2021-11-18,2021-10-31,89.93,Destination KPVYJ,5678 Johnstown Road,Cork,Co. Cork,10203,Ireland
10713,71,1,1,2021-10-22,2021-11-19,2021-10-24,167.05,Ship to 71-C,9012 Suffolk Ln.,Boise,ID,10307,USA
10714,71,5,3,2021-10-22,2021-11-19,2021-10-27,24.49,Ship to 71-A,7890 Suffolk Ln.,Boise,ID,10305,USA
10715,9,3,1,2021-10-23,2021-11-06,2021-10-29,63.20,Ship to 9-B,"9012, rue des Bouchers",Marseille,NULL,10368,France
10716,64,4,2,2021-10-24,2021-11-21,2021-10-27,22.57,Ship to 64-B,Av. del Libertador 5678,Buenos Aires,NULL,10283,Argentina
10717,25,1,2,2021-10-24,2021-11-21,2021-10-29,59.25,Destination QOCBL,Berliner Platz 1234,München,NULL,10169,Germany
10718,39,1,3,2021-10-27,2021-11-24,2021-10-29,170.88,Destination DKMQA,Maubelstr. 0123,Brandenburg,NULL,10208,Germany
10719,45,8,2,2021-10-27,2021-11-24,2021-11-05,51.44,Ship to 45-A,8901 Polk St. Suite 5,San Francisco,CA,10225,USA
10720,61,8,2,2021-10-28,2021-11-11,2021-11-05,9.53,Ship to 61-C,"Rua da Panificadora, 7890",Rio de Janeiro,RJ,10275,Brazil
10721,63,5,3,2021-10-29,2021-11-26,2021-10-31,48.92,Ship to 63-A,Taucherstraße 1234,Cunewalde,NULL,10279,Germany
10722,71,8,1,2021-10-29,2021-12-10,2021-11-04,74.58,Ship to 71-A,7890 Suffolk Ln.,Boise,ID,10305,USA
10723,89,3,1,2021-10-30,2021-11-27,2021-11-25,21.72,Ship to 89-C,9012 - 12th Ave. S.,Seattle,WA,10358,USA
10724,51,8,2,2021-10-30,2021-12-11,2021-11-05,57.75,Ship to 51-A,6789 rue St. Laurent,Montréal,Québec,10244,Canada
10725,21,4,3,2021-10-31,2021-11-28,2021-11-05,10.83,Destination KKELL,"Rua Orós, 4567",Sao Paulo,SP,10162,Brazil
10726,19,4,1,2021-11-03,2021-11-17,2021-12-05,16.56,Destination FRCGJ,5678 King George,London,<None>,10153,UK
10727,66,2,1,2021-11-03,2021-12-01,2021-12-05,89.90,Ship to 66-A,Strada Provinciale 0123,Reggio Emilia,NULL,10288,Italy
10728,62,4,2,2021-11-04,2021-12-02,2021-11-11,58.33,Ship to 62-A,"Alameda dos Canàrios, 8901",Sao Paulo,SP,10276,Brazil
10729,47,8,3,2021-11-04,2021-12-16,2021-11-14,141.06,Ship to 47-A,Ave. 5 de Mayo Porlamar 3456,I. de Margarita,Nueva Esparta,10230,Venezuela
10730,9,5,1,2021-11-05,2021-12-03,2021-11-14,20.12,Ship to 9-A,"8901, rue des Bouchers",Marseille,NULL,10367,France
10731,14,7,1,2021-11-06,2021-12-04,2021-11-14,96.65,Destination YUJRD,Hauptstr. 1234,Bern,NULL,10139,Switzerland
10732,9,3,1,2021-11-06,2021-12-04,2021-11-07,16.97,Ship to 9-A,"8901, rue des Bouchers",Marseille,NULL,10367,France
10733,5,1,3,2021-11-07,2021-12-05,2021-11-10,110.11,Ship to 5-A,Berguvsvägen  9012,Luleå,NULL,10267,Sweden
10734,31,2,3,2021-11-07,2021-12-05,2021-11-12,1.63,Destination VNIAG,"Av. Brasil, 9012",Campinas,SP,10187,Brazil
10735,45,6,2,2021-11-10,2021-12-08,2021-11-21,45.97,Ship to 45-A,8901 Polk St. Suite 5,San Francisco,CA,10225,USA
10736,37,9,2,2021-11-11,2021-12-09,2021-11-21,44.10,Destination DGKOU,6789 Johnstown Road,Cork,Co. Cork,10204,Ireland
10737,85,2,2,2021-11-11,2021-12-09,2021-11-18,7.79,Ship to 85-C,7890 rue de l'Abbaye,Reims,NULL,10346,France
10738,74,2,1,2021-11-12,2021-12-10,2021-11-18,2.91,Ship to 74-A,"3456, rue Lauriston",Paris,NULL,10312,France
10739,85,3,3,2021-11-12,2021-12-10,2021-11-17,11.08,Ship to 85-C,7890 rue de l'Abbaye,Reims,NULL,10346,France
10740,89,4,2,2021-11-13,2021-12-11,2021-11-25,81.88,Ship to 89-B,8901 - 12th Ave. S.,Seattle,WA,10357,USA
10741,4,4,3,2021-11-14,2021-11-28,2021-11-18,10.96,Ship to 4-C,Brook Farm Stratford St. Mary 2345,London,<None>,10240,UK
10742,10,3,3,2021-11-14,2021-12-12,2021-11-18,243.73,Destination LPHSI,3456 Tsawassen Blvd.,Tsawassen,BC,10131,Canada
10743,4,1,2,2021-11-17,2021-12-15,2021-11-21,23.72,Ship to 4-C,Brook Farm Stratford St. Mary 2345,London,<None>,10240,UK
10744,83,6,1,2021-11-17,2021-12-15,2021-11-24,69.19,Ship to 83-A,Smagsloget 0123,Århus,NULL,10339,Denmark
10745,63,9,1,2021-11-18,2021-12-16,2021-11-27,3.52,Ship to 63-C,Taucherstraße 3456,Cunewalde,NULL,10281,Germany
10746,14,1,3,2021-11-19,2021-12-17,2021-11-21,31.43,Destination NRTZZ,Hauptstr. 0123,Bern,NULL,10138,Switzerland
10747,59,6,1,2021-11-19,2021-12-17,2021-11-26,117.33,Ship to 59-B,Geislweg 7890,Salzburg,NULL,10265,Austria
10748,71,3,1,2021-11-20,2021-12-18,2021-11-28,232.55,Ship to 71-B,8901 Suffolk Ln.,Boise,ID,10306,USA
10749,38,4,2,2021-11-20,2021-12-18,2021-12-19,61.53,Destination QVTLW,Garden House Crowther Way 7890,Cowes,Isle of Wight,10205,UK
10750,87,9,1,2021-11-21,2021-12-19,2021-11-24,79.30,Ship to 87-C,Torikatu 3456,Oulu,NULL,10352,Finland
10751,68,3,3,2021-11-24,2021-12-22,2021-12-03,130.79,Ship to 68-A,Starenweg 6789,Genève,NULL,10294,Switzerland
10752,53,2,3,2021-11-24,2021-12-22,2021-11-28,1.39,Ship to 53-C,South House 3456 Queensbridge,London,<None>,10251,UK
10753,27,3,1,2021-11-25,2021-12-23,2021-11-27,7.70,Destination DICGM,Via Monte Bianco 7890,Torino,NULL,10175,Italy
10754,49,6,3,2021-11-25,2021-12-23,2021-11-27,2.38,Ship to 49-B,Via Ludovico il Moro 9012,Bergamo,NULL,10236,Italy
10755,9,4,2,2021-11-26,2021-12-24,2021-11-28,16.71,Ship to 9-C,"0123, rue des Bouchers",Marseille,NULL,10369,France
10756,75,8,2,2021-11-27,2021-12-25,2021-12-02,73.21,Ship to 75-C,P.O. Box 7890,Lander,WY,10316,USA
10757,71,6,1,2021-11-27,2021-12-25,2021-12-15,8.19,Ship to 71-B,8901 Suffolk Ln.,Boise,ID,10306,USA
10758,68,3,3,2021-11-28,2021-12-26,2021-12-04,138.17,Ship to 68-C,Starenweg 8901,Genève,NULL,10296,Switzerland
10759,2,3,3,2021-11-28,2021-12-26,2021-12-12,11.99,Destination QOTQA,Avda. de la Constitución 3456,México D.F.,NULL,10181,Mexico
10760,50,4,1,2021-12-01,2021-12-29,2021-12-10,155.64,Ship to 50-B,Rue Joseph-Bens 4567,Bruxelles,NULL,10242,Belgium
10761,65,5,2,2021-12-02,2021-12-30,2021-12-08,18.66,Ship to 65-B,8901 Milton Dr.,Albuquerque,NM,10286,USA
10762,24,3,1,2021-12-02,2021-12-30,2021-12-09,328.74,Destination YCMPK,Åkergatan 8901,Bräcke,NULL,10166,Sweden
10763,23,3,3,2021-12-03,2021-12-31,2021-12-08,37.35,Destination PXQRR,"5678, chaussée de Tournai",Lille,NULL,10163,France
10764,20,6,3,2021-12-03,2021-12-31,2021-12-08,145.45,Destination CUVPF,Kirchgasse 1234,Graz,NULL,10159,Austria
10765,63,3,3,2021-12-04,2022-01-01,2021-12-09,42.74,Ship to 63-A,Taucherstraße 1234,Cunewalde,NULL,10279,Germany
10766,56,4,1,2021-12-05,2022-01-02,2021-12-09,157.55,Ship to 56-C,Mehrheimerstr. 2345,Köln,NULL,10260,Germany
10767,76,4,3,2021-12-05,2022-01-02,2021-12-15,1.59,Ship to 76-B,"Boulevard Tirou, 9012",Charleroi,NULL,10318,Belgium
10768,4,3,2,2021-12-08,2022-01-05,2021-12-15,146.32,Ship to 4-B,Brook Farm Stratford St. Mary 1234,London,<None>,10239,UK
10769,83,3,1,2021-12-08,2022-01-05,2021-12-12,65.06,Ship to 83-C,Smagsloget 2345,Århus,NULL,10341,Denmark
10770,34,8,3,2021-12-09,2022-01-06,2021-12-17,5.32,Destination JPAIY,"Rua do Paço, 8901",Rio de Janeiro,RJ,10196,Brazil
10771,20,9,2,2021-12-10,2022-01-07,2022-01-02,11.19,Destination CUVPF,Kirchgasse 1234,Graz,NULL,10159,Austria
10772,44,3,2,2021-12-10,2022-01-07,2021-12-19,91.28,Ship to 44-B,Magazinweg 5678,Frankfurt a.M.,NULL,10223,Germany
10773,20,1,3,2021-12-11,2022-01-08,2021-12-16,96.43,Destination FFXKT,Kirchgasse 0123,Graz,NULL,10158,Austria
10774,24,4,1,2021-12-11,2021-12-25,2021-12-12,48.20,Destination KBSBN,Åkergatan 9012,Bräcke,NULL,10167,Sweden
10775,78,7,1,2021-12-12,2022-01-09,2021-12-26,20.25,Ship to 78-A,4567 Grizzly Peak Rd.,Butte,MT,10323,USA
10776,20,1,3,2021-12-15,2022-01-12,2021-12-18,351.53,Destination RVDMF,Kirchgasse 9012,Graz,NULL,10157,Austria
10777,31,7,2,2021-12-15,2021-12-29,2022-01-21,3.01,Destination GWPFK,"Av. Brasil, 0123",Campinas,SP,10188,Brazil
10778,5,3,1,2021-12-16,2022-01-13,2021-12-24,6.79,Ship to 5-A,Berguvsvägen  9012,Luleå,NULL,10267,Sweden
10779,52,3,2,2021-12-16,2022-01-13,2022-01-14,58.13,Ship to 52-A,Heerstr. 9012,Leipzig,NULL,10247,Germany
10780,46,2,1,2021-12-16,2021-12-30,2021-12-25,42.13,Ship to 46-C,Carrera 2345 con Ave. Bolívar #65-98 Llano Largo,Barquisimeto,Lara,10229,Venezuela
10781,87,2,3,2021-12-17,2022-01-14,2021-12-19,73.16,Ship to 87-A,Torikatu 1234,Oulu,NULL,10350,Finland
10782,12,9,3,2021-12-17,2022-01-14,2021-12-22,1.10,Destination CJDJB,Cerrito 8901,Buenos Aires,NULL,10136,Argentina
10783,34,4,2,2021-12-18,2022-01-15,2021-12-19,124.98,Destination DPCVR,"Rua do Paço, 6789",Rio de Janeiro,RJ,10194,Brazil
10784,49,4,3,2021-12-18,2022-01-15,2021-12-22,70.09,Ship to 49-A,Via Ludovico il Moro 8901,Bergamo,NULL,10235,Italy
10785,33,1,3,2021-12-18,2022-01-15,2021-12-24,1.51,Destination FQJFJ,5ª Ave. Los Palos Grandes 4567,Caracas,DF,10192,Venezuela
10786,62,8,1,2021-12-19,2022-01-16,2021-12-23,110.87,Ship to 62-B,"Alameda dos Canàrios, 9012",Sao Paulo,SP,10277,Brazil
10787,41,2,1,2021-12-19,2022-01-02,2021-12-26,249.93,Destination DWJIO,9012 rue Alsace-Lorraine,Toulouse,NULL,10217,France
10788,63,1,2,2021-12-22,2022-01-19,2022-01-19,42.70,Ship to 63-C,Taucherstraße 3456,Cunewalde,NULL,10281,Germany
10789,23,1,2,2021-12-22,2022-01-19,2021-12-31,100.60,Destination PXQRR,"5678, chaussée de Tournai",Lille,NULL,10163,France
10790,31,6,1,2021-12-22,2022-01-19,2021-12-26,28.23,Destination XOIGC,"Av. Brasil, 8901",Campinas,SP,10186,Brazil
10791,25,6,2,2021-12-23,2022-01-20,2022-01-01,16.85,Destination QOCBL,Berliner Platz 1234,München,NULL,10169,Germany
10792,91,1,3,2021-12-23,2022-01-20,2021-12-31,23.79,Ship to 91-C,ul. Filtrowa 7890,Warszawa,NULL,10366,Poland
10793,4,3,3,2021-12-24,2022-01-21,2022-01-08,4.52,Ship to 4-B,Brook Farm Stratford St. Mary 1234,London,<None>,10239,UK
10794,61,6,1,2021-12-24,2022-01-21,2022-01-02,21.49,Ship to 61-C,"Rua da Panificadora, 7890",Rio de Janeiro,RJ,10275,Brazil
10795,20,8,2,2021-12-24,2022-01-21,2022-01-20,126.66,Destination FFXKT,Kirchgasse 0123,Graz,NULL,10158,Austria
10796,35,3,1,2021-12-25,2022-01-22,2022-01-14,26.52,Destination UOUWK,Carrera 9012 con Ave. Carlos Soublette #8-35,San Cristóbal,Táchira,10197,Venezuela
10797,17,7,2,2021-12-25,2022-01-22,2022-01-05,33.35,Destination AJTHX,Walserweg 9012,Aachen,NULL,10147,Germany
10798,38,2,1,2021-12-26,2022-01-23,2022-01-05,2.33,Destination AXVHD,Garden House Crowther Way 9012,Cowes,Isle of Wight,10207,UK
10799,39,9,3,2021-12-26,2022-02-06,2022-01-05,30.76,Destination DKMQA,Maubelstr. 0123,Brandenburg,NULL,10208,Germany
10800,72,1,3,2021-12-26,2022-01-23,2022-01-05,137.44,Ship to 72-C,1234 Wadhurst Rd.,London,<None>,10309,UK
10801,8,4,2,2021-12-29,2022-01-26,2021-12-31,97.09,Ship to 8-C,"C/ Araquil, 1234",Madrid,NULL,10360,Spain
10802,73,4,2,2021-12-29,2022-01-26,2022-01-02,257.26,Ship to 73-A,Vinbæltet 1234,Kobenhavn,NULL,10310,Denmark
10803,88,4,1,2021-12-30,2022-01-27,2022-01-06,55.23,Ship to 88-B,"Rua do Mercado, 5678",Resende,SP,10354,Brazil
10804,72,6,2,2021-12-30,2022-01-27,2022-01-07,27.33,Ship to 72-C,1234 Wadhurst Rd.,London,<None>,10309,UK
10805,77,2,3,2021-12-30,2022-01-27,2022-01-09,237.34,Ship to 77-A,1234 Jefferson Way Suite 2,Portland,OR,10320,USA
10806,84,3,2,2021-12-31,2022-01-28,2022-01-05,22.11,Ship to 84-C,"5678, rue du Commerce",Lyon,NULL,10344,France
10807,27,4,1,2021-12-31,2022-01-28,2022-01-30,1.36,Destination XNLFB,Via Monte Bianco 5678,Torino,NULL,10173,Italy
10808,55,2,3,2022-01-01,2022-01-29,2022-01-09,45.53,Ship to 55-B,8901 Bering St.,Anchorage,AK,10256,USA
10809,88,7,1,2022-01-01,2022-01-29,2022-01-07,4.87,Ship to 88-C,"Rua do Mercado, 6789",Resende,SP,10355,Brazil
10810,42,2,3,2022-01-01,2022-01-29,2022-01-07,4.33,Ship to 42-A,1234 Elm St.,Vancouver,BC,10219,Canada
10811,47,8,1,2022-01-02,2022-01-30,2022-01-08,31.22,Ship to 47-B,Ave. 5 de Mayo Porlamar 4567,I. de Margarita,Nueva Esparta,10231,Venezuela
10812,66,5,1,2022-01-02,2022-01-30,2022-01-12,59.78,Ship to 66-B,Strada Provinciale 1234,Reggio Emilia,NULL,10289,Italy
10813,67,1,1,2022-01-05,2022-02-02,2022-01-09,47.38,Ship to 67-C,"Av. Copacabana, 5678",Rio de Janeiro,RJ,10293,Brazil
10814,84,3,3,2022-01-05,2022-02-02,2022-01-14,130.94,Ship to 84-B,"4567, rue du Commerce",Lyon,NULL,10343,France
10815,71,2,3,2022-01-05,2022-02-02,2022-01-14,14.62,Ship to 71-A,7890 Suffolk Ln.,Boise,ID,10305,USA
10816,32,4,2,2022-01-06,2022-02-03,2022-02-04,719.78,Destination AVQUS,2345 Baker Blvd.,Eugene,OR,10190,USA
10817,39,3,2,2022-01-06,2022-01-20,2022-01-13,306.07,Destination RMBHM,Maubelstr. 1234,Brandenburg,NULL,10209,Germany
10818,49,7,3,2022-01-07,2022-02-04,2022-01-12,65.48,Ship to 49-B,Via Ludovico il Moro 9012,Bergamo,NULL,10236,Italy
10819,12,2,3,2022-01-07,2022-02-04,2022-01-16,19.76,Destination QTHBC,Cerrito 6789,Buenos Aires,NULL,10134,Argentina
10820,65,3,2,2022-01-07,2022-02-04,2022-01-13,37.52,Ship to 65-B,8901 Milton Dr.,Albuquerque,NM,10286,USA
10821,75,1,1,2022-01-08,2022-02-05,2022-01-15,36.68,Ship to 75-A,P.O. Box 5678,Lander,WY,10314,USA
10822,82,6,3,2022-01-08,2022-02-05,2022-01-16,7.00,Ship to 82-B,9012 DaVinci Blvd.,Kirkland,WA,10338,USA
10823,46,5,2,2022-01-09,2022-02-06,2022-01-13,163.97,Ship to 46-A,Carrera 0123 con Ave. Bolívar #65-98 Llano Largo,Barquisimeto,Lara,10227,Venezuela
10824,24,8,1,2022-01-09,2022-02-06,2022-01-30,1.23,Destination NCKKO,Åkergatan 7890,Bräcke,NULL,10165,Sweden
10825,17,1,1,2022-01-09,2022-02-06,2022-01-14,79.25,Destination BJCXA,Walserweg 7890,Aachen,NULL,10145,Germany
10826,7,6,1,2022-01-12,2022-02-09,2022-02-06,7.09,Ship to 7-C,"2345, place Kléber",Strasbourg,NULL,10331,France
10827,9,1,2,2022-01-12,2022-01-26,2022-02-06,63.54,Ship to 9-B,"9012, rue des Bouchers",Marseille,NULL,10368,France
10828,64,9,1,2022-01-13,2022-01-27,2022-02-04,90.85,Ship to 64-B,Av. del Libertador 5678,Buenos Aires,NULL,10283,Argentina
10829,38,9,1,2022-01-13,2022-02-10,2022-01-23,154.72,Destination QVTLW,Garden House Crowther Way 7890,Cowes,Isle of Wight,10205,UK
10830,81,4,2,2022-01-13,2022-02-24,2022-01-21,81.83,Ship to 81-C,"Av. Inês de Castro, 7890",Sao Paulo,SP,10336,Brazil
10831,70,3,2,2022-01-14,2022-02-11,2022-01-23,72.19,Ship to 70-B,Erling Skakkes gate 5678,Stavern,NULL,10303,Norway
10832,41,2,2,2022-01-14,2022-02-11,2022-01-19,43.26,Ship to 41-C,0123 rue Alsace-Lorraine,Toulouse,NULL,10218,France
10833,56,6,2,2022-01-15,2022-02-12,2022-01-23,71.49,Ship to 56-B,Mehrheimerstr. 1234,Köln,NULL,10259,Germany
10834,81,1,3,2022-01-15,2022-02-12,2022-01-19,29.78,Ship to 81-A,"Av. Inês de Castro, 6789",Sao Paulo,SP,10335,Brazil
10835,1,1,3,2022-01-15,2022-02-12,2022-01-21,69.53,Destination LOUIE,Obere Str. 6789,Berlin,NULL,10154,Germany
10836,20,7,1,2022-01-16,2022-02-13,2022-01-21,411.88,Destination CUVPF,Kirchgasse 1234,Graz,NULL,10159,Austria
10837,5,9,3,2022-01-16,2022-02-13,2022-01-23,13.32,Ship to 5-A,Berguvsvägen  9012,Luleå,NULL,10267,Sweden
10838,47,3,3,2022-01-19,2022-02-16,2022-01-23,59.28,Ship to 47-A,Ave. 5 de Mayo Porlamar 3456,I. de Margarita,Nueva Esparta,10230,Venezuela
10839,81,3,3,2022-01-19,2022-02-16,2022-01-22,35.43,Ship to 81-C,"Av. Inês de Castro, 7890",Sao Paulo,SP,10336,Brazil
10840,47,4,2,2022-01-19,2022-03-02,2022-02-16,2.71,Ship to 47-A,Ave. 5 de Mayo Porlamar 3456,I. de Margarita,Nueva Esparta,10230,Venezuela
10841,76,5,2,2022-01-20,2022-02-17,2022-01-29,424.30,Ship to 76-B,"Boulevard Tirou, 9012",Charleroi,NULL,10318,Belgium
10842,80,1,3,2022-01-20,2022-02-17,2022-01-29,54.42,Ship to 80-A,Avda. Azteca 3456,México D.F.,NULL,10332,Mexico
10843,84,4,2,2022-01-21,2022-02-18,2022-01-26,9.26,Ship to 84-C,"5678, rue du Commerce",Lyon,NULL,10344,France
10844,59,8,2,2022-01-21,2022-02-18,2022-01-26,25.22,Ship to 59-A,Geislweg 6789,Salzburg,NULL,10264,Austria
10845,63,8,1,2022-01-21,2022-02-04,2022-01-30,212.98,Ship to 63-A,Taucherstraße 1234,Cunewalde,NULL,10279,Germany
10846,76,2,3,2022-01-22,2022-03-05,2022-01-23,56.46,Ship to 76-C,"Boulevard Tirou, 0123",Charleroi,NULL,10319,Belgium
10847,71,4,3,2022-01-22,2022-02-05,2022-02-10,487.57,Ship to 71-A,7890 Suffolk Ln.,Boise,ID,10305,USA
10848,16,7,2,2022-01-23,2022-02-20,2022-01-29,38.24,Destination QKQNB,Berkeley Gardens 5678  Brewery,London,<None>,10143,UK
10849,39,9,2,2022-01-23,2022-02-20,2022-01-30,0.56,Destination DKMQA,Maubelstr. 0123,Brandenburg,NULL,10208,Germany
10850,84,1,1,2022-01-23,2022-03-06,2022-01-30,49.19,Ship to 84-C,"5678, rue du Commerce",Lyon,NULL,10344,France
10851,67,5,1,2022-01-26,2022-02-23,2022-02-02,160.55,Ship to 67-C,"Av. Copacabana, 5678",Rio de Janeiro,RJ,10293,Brazil
10852,65,8,1,2022-01-26,2022-02-09,2022-01-30,174.05,Ship to 65-A,7890 Milton Dr.,Albuquerque,NM,10285,USA
10853,6,9,2,2022-01-27,2022-02-24,2022-02-03,53.83,Ship to 6-B,Forsterstr. 3456,Mannheim,NULL,10301,Germany
10854,20,3,2,2022-01-27,2022-02-24,2022-02-05,100.22,Destination CUVPF,Kirchgasse 1234,Graz,NULL,10159,Austria
10855,55,3,1,2022-01-27,2022-02-24,2022-02-04,170.97,Ship to 55-A,7890 Bering St.,Anchorage,AK,10255,USA
10856,3,3,2,2022-01-28,2022-02-25,2022-02-10,58.43,Destination FQFLS,Mataderos  3456,México D.F.,NULL,10211,Mexico
10857,5,8,2,2022-01-28,2022-02-25,2022-02-06,188.85,Ship to 5-B,Berguvsvägen  0123,Luleå,NULL,10268,Sweden
10858,40,2,1,2022-01-29,2022-02-26,2022-02-03,52.51,Destination POAEW,"7890, avenue de l'Europe",Versailles,NULL,10215,France
10859,25,1,2,2022-01-29,2022-02-26,2022-02-02,76.10,Destination QOCBL,Berliner Platz 1234,München,NULL,10169,Germany
10860,26,3,3,2022-01-29,2022-02-26,2022-02-04,19.26,Destination XBVKN,"3456, rue Royale",Nantes,NULL,10171,France
10861,89,4,2,2022-01-30,2022-02-27,2022-02-17,14.93,Ship to 89-C,9012 - 12th Ave. S.,Seattle,WA,10358,USA
10862,44,8,2,2022-01-30,2022-03-13,2022-02-02,53.23,Ship to 44-C,Magazinweg 6789,Frankfurt a.M.,NULL,10224,Germany
10863,35,4,2,2022-02-02,2022-03-02,2022-02-17,30.26,Destination UOUWK,Carrera 9012 con Ave. Carlos Soublette #8-35,San Cristóbal,Táchira,10197,Venezuela
10864,4,4,2,2022-02-02,2022-03-02,2022-02-09,3.04,Ship to 4-C,Brook Farm Stratford St. Mary 2345,London,<None>,10240,UK
10865,63,2,1,2022-02-02,2022-02-16,2022-02-12,348.14,Ship to 63-A,Taucherstraße 1234,Cunewalde,NULL,10279,Germany
10866,5,5,1,2022-02-03,2022-03-03,2022-02-12,109.11,Ship to 5-B,Berguvsvägen  0123,Luleå,NULL,10268,Sweden
10867,48,6,1,2022-02-03,2022-03-17,2022-02-11,1.93,Ship to 48-B,6789 Chiaroscuro Rd.,Portland,OR,10233,USA
10868,62,7,2,2022-02-04,2022-03-04,2022-02-23,191.27,Ship to 62-C,"Alameda dos Canàrios, 0123",Sao Paulo,SP,10278,Brazil
10869,72,5,1,2022-02-04,2022-03-04,2022-02-09,143.28,Ship to 72-A,0123 Wadhurst Rd.,London,<None>,10308,UK
10870,91,5,3,2022-02-04,2022-03-04,2022-02-13,12.04,Ship to 91-A,ul. Filtrowa 5678,Warszawa,NULL,10364,Poland
10871,9,9,2,2022-02-05,2022-03-05,2022-02-10,112.27,Ship to 9-B,"9012, rue des Bouchers",Marseille,NULL,10368,France
10872,30,5,2,2022-02-05,2022-03-05,2022-02-09,175.32,Destination GGQIR,"C/ Romero, 6789",Sevilla,NULL,10184,Spain
10873,90,4,1,2022-02-06,2022-03-06,2022-02-09,0.82,Ship to 90-B,Keskuskatu 3456,Helsinki,NULL,10362,Finland
10874,30,5,2,2022-02-06,2022-03-06,2022-02-11,19.58,Destination IIYDD,"C/ Romero, 5678",Sevilla,NULL,10183,Spain
10875,5,4,2,2022-02-06,2022-03-06,2022-03-03,32.37,Ship to 5-A,Berguvsvägen  9012,Luleå,NULL,10267,Sweden
10876,9,7,3,2022-02-09,2022-03-09,2022-02-12,60.42,Ship to 9-A,"8901, rue des Bouchers",Marseille,NULL,10367,France
10877,67,1,1,2022-02-09,2022-03-09,2022-02-19,38.06,Ship to 67-B,"Av. Copacabana, 4567",Rio de Janeiro,RJ,10292,Brazil
10878,63,4,1,2022-02-10,2022-03-10,2022-02-12,46.69,Ship to 63-B,Taucherstraße 2345,Cunewalde,NULL,10280,Germany
10879,90,3,3,2022-02-10,2022-03-10,2022-02-12,8.50,Ship to 90-A,Keskuskatu 2345,Helsinki,NULL,10361,Finland
10880,24,7,1,2022-02-10,2022-03-24,2022-02-18,88.01,Destination KBSBN,Åkergatan 9012,Bräcke,NULL,10167,Sweden
10881,12,4,1,2022-02-11,2022-03-11,2022-02-18,2.84,Destination IGLOB,Cerrito 7890,Buenos Aires,NULL,10135,Argentina
10882,71,4,3,2022-02-11,2022-03-11,2022-02-20,23.10,Ship to 71-B,8901 Suffolk Ln.,Boise,ID,10306,USA
10883,48,8,3,2022-02-12,2022-03-12,2022-02-20,0.53,Ship to 48-C,7890 Chiaroscuro Rd.,Portland,OR,10234,USA
10884,45,4,2,2022-02-12,2022-03-12,2022-02-13,90.97,Ship to 45-C,9012 Polk St. Suite 5,San Francisco,CA,10226,USA
10885,76,6,3,2022-02-12,2022-03-12,2022-02-18,5.64,Ship to 76-B,"Boulevard Tirou, 9012",Charleroi,NULL,10318,Belgium
10886,34,1,1,2022-02-13,2022-03-13,2022-03-02,4.99,Destination SCQXA,"Rua do Paço, 7890",Rio de Janeiro,RJ,10195,Brazil
10887,29,8,3,2022-02-13,2022-03-13,2022-02-16,1.25,Destination VPNNG,"Rambla de Cataluña, 0123",Barcelona,NULL,10178,Spain
10888,30,1,2,2022-02-16,2022-03-16,2022-02-23,51.87,Destination IIYDD,"C/ Romero, 5678",Sevilla,NULL,10183,Spain
10889,65,9,3,2022-02-16,2022-03-16,2022-02-23,280.61,Ship to 65-C,9012 Milton Dr.,Albuquerque,NM,10287,USA
10890,18,7,1,2022-02-16,2022-03-16,2022-02-18,32.76,Destination JNSYI,"1234, rue des Cinquante Otages",Nantes,NULL,10149,France
10891,44,7,2,2022-02-17,2022-03-17,2022-02-19,20.37,Ship to 44-A,Magazinweg 4567,Frankfurt a.M.,NULL,10222,Germany
10892,50,4,2,2022-02-17,2022-03-17,2022-02-19,120.27,Ship to 50-A,Rue Joseph-Bens 3456,Bruxelles,NULL,10241,Belgium
10893,39,9,2,2022-02-18,2022-03-18,2022-02-20,77.78,Destination RMBHM,Maubelstr. 1234,Brandenburg,NULL,10209,Germany
10894,71,1,1,2022-02-18,2022-03-18,2022-02-20,116.13,Ship to 71-A,7890 Suffolk Ln.,Boise,ID,10305,USA
10895,20,3,1,2022-02-18,2022-03-18,2022-02-23,162.75,Destination CUVPF,Kirchgasse 1234,Graz,NULL,10159,Austria
10896,50,7,3,2022-02-19,2022-03-19,2022-02-27,32.45,Ship to 50-A,Rue Joseph-Bens 3456,Bruxelles,NULL,10241,Belgium
10897,37,3,2,2022-02-19,2022-03-19,2022-02-25,603.54,Destination DGKOU,6789 Johnstown Road,Cork,Co. Cork,10204,Ireland
10898,54,4,2,2022-02-20,2022-03-20,2022-03-06,1.27,Ship to 54-B,Ing. Gustavo Moncada 5678 Piso 20-A,Buenos Aires,NULL,10253,Argentina
10899,46,5,3,2022-02-20,2022-03-20,2022-02-26,1.21,Ship to 46-C,Carrera 2345 con Ave. Bolívar #65-98 Llano Largo,Barquisimeto,Lara,10229,Venezuela
10900,88,1,2,2022-02-20,2022-03-20,2022-03-04,1.66,Ship to 88-A,"Rua do Mercado, 4567",Resende,SP,10353,Brazil
10901,35,4,1,2022-02-23,2022-03-23,2022-02-26,62.09,Destination UOUWK,Carrera 9012 con Ave. Carlos Soublette #8-35,San Cristóbal,Táchira,10197,Venezuela
10902,24,1,1,2022-02-23,2022-03-23,2022-03-03,44.15,Destination NCKKO,Åkergatan 7890,Bräcke,NULL,10165,Sweden
10903,34,3,3,2022-02-24,2022-03-24,2022-03-04,36.71,Destination DPCVR,"Rua do Paço, 6789",Rio de Janeiro,RJ,10194,Brazil
10904,89,3,3,2022-02-24,2022-03-24,2022-02-27,162.95,Ship to 89-A,7890 - 12th Ave. S.,Seattle,WA,10356,USA
10905,88,9,2,2022-02-24,2022-03-24,2022-03-06,13.72,Ship to 88-A,"Rua do Mercado, 4567",Resende,SP,10353,Brazil
10906,91,4,3,2022-02-25,2022-03-11,2022-03-03,26.29,Ship to 91-B,ul. Filtrowa 6789,Warszawa,NULL,10365,Poland
10907,74,6,3,2022-02-25,2022-03-25,2022-02-27,9.19,Ship to 74-B,"4567, rue Lauriston",Paris,NULL,10313,France
10908,66,4,2,2022-02-26,2022-03-26,2022-03-06,32.96,Ship to 66-B,Strada Provinciale 1234,Reggio Emilia,NULL,10289,Italy
10909,70,1,2,2022-02-26,2022-03-26,2022-03-10,53.05,Ship to 70-C,Erling Skakkes gate 6789,Stavern,NULL,10304,Norway
10910,90,1,3,2022-02-26,2022-03-26,2022-03-04,38.11,Ship to 90-A,Keskuskatu 2345,Helsinki,NULL,10361,Finland
10911,30,3,1,2022-02-26,2022-03-26,2022-03-05,38.19,Destination IIYDD,"C/ Romero, 5678",Sevilla,NULL,10183,Spain
10912,37,2,2,2022-02-26,2022-03-26,2022-03-18,580.91,Destination DGKOU,6789 Johnstown Road,Cork,Co. Cork,10204,Ireland
10913,62,4,1,2022-02-26,2022-03-26,2022-03-04,33.05,Ship to 62-A,"Alameda dos Canàrios, 8901",Sao Paulo,SP,10276,Brazil
10914,62,6,1,2022-02-27,2022-03-27,2022-03-02,21.19,Ship to 62-B,"Alameda dos Canàrios, 9012",Sao Paulo,SP,10277,Brazil
10915,80,2,2,2022-02-27,2022-03-27,2022-03-02,3.51,Ship to 80-C,Avda. Azteca 5678,México D.F.,NULL,10334,Mexico
10916,64,1,2,2022-02-27,2022-03-27,2022-03-09,63.77,Ship to 64-C,Av. del Libertador 6789,Buenos Aires,NULL,10284,Argentina
10917,69,4,2,2022-03-02,2022-03-30,2022-03-11,8.29,Ship to 69-C,"Gran Vía, 1234",Madrid,NULL,10299,Spain
10918,10,3,3,2022-03-02,2022-03-30,2022-03-11,48.83,Destination OLSSJ,2345 Tsawassen Blvd.,Tsawassen,BC,10130,Canada
10919,47,2,2,2022-03-02,2022-03-30,2022-03-04,19.80,Ship to 47-B,Ave. 5 de Mayo Porlamar 4567,I. de Margarita,Nueva Esparta,10231,Venezuela
10920,4,4,2,2022-03-03,2022-03-31,2022-03-09,29.61,Ship to 4-A,Brook Farm Stratford St. Mary 0123,London,<None>,10238,UK
10921,83,1,1,2022-03-03,2022-04-14,2022-03-09,176.48,Ship to 83-A,Smagsloget 0123,Århus,NULL,10339,Denmark
10922,34,5,3,2022-03-03,2022-03-31,2022-03-05,62.74,Destination DPCVR,"Rua do Paço, 6789",Rio de Janeiro,RJ,10194,Brazil
10923,41,7,3,2022-03-03,2022-04-14,2022-03-13,68.26,Destination OLJND,8901 rue Alsace-Lorraine,Toulouse,NULL,10216,France
10924,5,3,2,2022-03-04,2022-04-01,2022-04-08,151.52,Ship to 5-A,Berguvsvägen  9012,Luleå,NULL,10267,Sweden
10925,34,3,1,2022-03-04,2022-04-01,2022-03-13,2.27,Destination JPAIY,"Rua do Paço, 8901",Rio de Janeiro,RJ,10196,Brazil
10926,2,4,3,2022-03-04,2022-04-01,2022-03-11,39.92,Destination RAIGI,Avda. de la Constitución 4567,México D.F.,NULL,10182,Mexico
10927,40,4,1,2022-03-05,2022-04-02,2022-04-08,19.79,Destination WWJLO,"6789, avenue de l'Europe",Versailles,NULL,10214,France
10928,29,1,1,2022-03-05,2022-04-02,2022-03-18,1.36,Destination WOFLH,"Rambla de Cataluña, 1234",Barcelona,NULL,10179,Spain
10929,25,6,1,2022-03-05,2022-04-02,2022-03-12,33.93,Destination QOCBL,Berliner Platz 1234,München,NULL,10169,Germany
10930,76,4,3,2022-03-06,2022-04-17,2022-03-18,15.55,Ship to 76-A,"Boulevard Tirou, 8901",Charleroi,NULL,10317,Belgium
10931,68,4,2,2022-03-06,2022-03-20,2022-03-19,13.60,Ship to 68-B,Starenweg 7890,Genève,NULL,10295,Switzerland
10932,9,8,1,2022-03-06,2022-04-03,2022-03-24,134.64,Ship to 9-B,"9012, rue des Bouchers",Marseille,NULL,10368,France
10933,38,6,3,2022-03-06,2022-04-03,2022-03-16,54.15,Destination QVTLW,Garden House Crowther Way 7890,Cowes,Isle of Wight,10205,UK
10934,44,3,3,2022-03-09,2022-04-06,2022-03-12,32.01,Ship to 44-C,Magazinweg 6789,Frankfurt a.M.,NULL,10224,Germany
10935,88,4,3,2022-03-09,2022-04-06,2022-03-18,47.59,Ship to 88-A,"Rua do Mercado, 4567",Resende,SP,10353,Brazil
10936,32,3,2,2022-03-09,2022-04-06,2022-03-18,33.68,Destination AVQUS,2345 Baker Blvd.,Eugene,OR,10190,USA
10937,12,7,3,2022-03-10,2022-03-24,2022-03-13,31.51,Destination QTHBC,Cerrito 6789,Buenos Aires,NULL,10134,Argentina
10938,63,3,2,2022-03-10,2022-04-07,2022-03-16,31.89,Ship to 63-C,Taucherstraße 3456,Cunewalde,NULL,10281,Germany
10939,49,2,2,2022-03-10,2022-04-07,2022-03-13,76.33,Ship to 49-A,Via Ludovico il Moro 8901,Bergamo,NULL,10235,Italy
10940,9,8,3,2022-03-11,2022-04-08,2022-03-23,19.77,Ship to 9-C,"0123, rue des Bouchers",Marseille,NULL,10369,France
10941,71,7,2,2022-03-11,2022-04-08,2022-03-20,400.81,Ship to 71-A,7890 Suffolk Ln.,Boise,ID,10305,USA
10942,66,9,3,2022-03-11,2022-04-08,2022-03-18,17.95,Ship to 66-C,Strada Provinciale 2345,Reggio Emilia,NULL,10290,Italy
10943,11,4,2,2022-03-11,2022-04-08,2022-03-19,2.17,Destination NZASL,Fauntleroy Circus 5678,London,<None>,10133,UK
10944,10,6,3,2022-03-12,2022-03-26,2022-03-13,52.92,Destination XJIBQ,1234 Tsawassen Blvd.,Tsawassen,BC,10129,Canada
10945,52,4,1,2022-03-12,2022-04-09,2022-03-18,10.22,Ship to 52-B,Heerstr. 0123,Leipzig,NULL,10248,Germany
10946,83,1,2,2022-03-12,2022-04-09,2022-03-19,27.20,Ship to 83-B,Smagsloget 1234,Århus,NULL,10340,Denmark
10947,11,3,2,2022-03-13,2022-04-10,2022-03-16,3.26,Destination NZASL,Fauntleroy Circus 5678,London,<None>,10133,UK
10948,30,3,3,2022-03-13,2022-04-10,2022-03-19,23.39,Destination GGQIR,"C/ Romero, 6789",Sevilla,NULL,10184,Spain
10949,10,2,3,2022-03-13,2022-04-10,2022-03-17,74.44,Destination OLSSJ,2345 Tsawassen Blvd.,Tsawassen,BC,10130,Canada
10950,49,1,2,2022-03-16,2022-04-13,2022-03-23,2.50,Ship to 49-B,Via Ludovico il Moro 9012,Bergamo,NULL,10236,Italy
10951,68,9,2,2022-03-16,2022-04-27,2022-04-07,30.85,Ship to 68-A,Starenweg 6789,Genève,NULL,10294,Switzerland
10952,1,1,1,2022-03-16,2022-04-27,2022-03-24,40.42,Destination LOUIE,Obere Str. 6789,Berlin,NULL,10154,Germany
10953,4,9,2,2022-03-16,2022-03-30,2022-03-25,23.72,Ship to 4-B,Brook Farm Stratford St. Mary 1234,London,<None>,10239,UK
10954,47,5,1,2022-03-17,2022-04-28,2022-03-20,27.91,Ship to 47-B,Ave. 5 de Mayo Porlamar 4567,I. de Margarita,Nueva Esparta,10231,Venezuela
10955,24,8,2,2022-03-17,2022-04-14,2022-03-20,3.26,Destination YCMPK,Åkergatan 8901,Bräcke,NULL,10166,Sweden
10956,6,6,2,2022-03-17,2022-04-28,2022-03-20,44.65,Ship to 6-B,Forsterstr. 3456,Mannheim,NULL,10301,Germany
10957,35,8,3,2022-03-18,2022-04-15,2022-03-27,105.36,Destination UOUWK,Carrera 9012 con Ave. Carlos Soublette #8-35,San Cristóbal,Táchira,10197,Venezuela
10958,54,7,2,2022-03-18,2022-04-15,2022-03-27,49.56,Ship to 54-C,Ing. Gustavo Moncada 6789 Piso 20-A,Buenos Aires,NULL,10254,Argentina
10959,31,6,2,2022-03-18,2022-04-29,2022-03-23,4.98,Destination GWPFK,"Av. Brasil, 0123",Campinas,SP,10188,Brazil
10960,35,3,1,2022-03-19,2022-04-02,2022-04-08,2.08,Destination SXYQX,Carrera 0123 con Ave. Carlos Soublette #8-35,San Cristóbal,Táchira,10198,Venezuela
10961,62,8,1,2022-03-19,2022-04-16,2022-03-30,104.47,Ship to 62-A,"Alameda dos Canàrios, 8901",Sao Paulo,SP,10276,Brazil
10962,63,8,2,2022-03-19,2022-04-16,2022-03-23,275.79,Ship to 63-B,Taucherstraße 2345,Cunewalde,NULL,10280,Germany
10963,28,9,3,2022-03-19,2022-04-16,2022-03-26,2.70,Destination CIRQO,Jardim das rosas n. 8901,Lisboa,NULL,10176,Portugal
10964,74,3,2,2022-03-20,2022-04-17,2022-03-24,87.38,Ship to 74-B,"4567, rue Lauriston",Paris,NULL,10313,France
10965,55,6,3,2022-03-20,2022-04-17,2022-03-30,144.38,Ship to 55-B,8901 Bering St.,Anchorage,AK,10256,USA
10966,14,4,1,2022-03-20,2022-04-17,2022-04-08,27.19,Destination NRTZZ,Hauptstr. 0123,Bern,NULL,10138,Switzerland
10967,79,2,2,2022-03-23,2022-04-20,2022-04-02,62.22,Ship to 79-B,Luisenstr. 8901,Münster,NULL,10327,Germany
10968,20,1,3,2022-03-23,2022-04-20,2022-04-01,74.60,Destination CUVPF,Kirchgasse 1234,Graz,NULL,10159,Austria
10969,15,1,2,2022-03-23,2022-04-20,2022-03-30,0.21,Destination EVHYA,"Av. dos Lusíadas, 3456",Sao Paulo,SP,10141,Brazil
10970,8,9,1,2022-03-24,2022-04-07,2022-04-24,16.16,Ship to 8-C,"C/ Araquil, 1234",Madrid,NULL,10360,Spain
10971,26,2,2,2022-03-24,2022-04-21,2022-04-02,121.82,Destination XBVKN,"3456, rue Royale",Nantes,NULL,10171,France
10972,40,4,2,2022-03-24,2022-04-21,2022-03-26,0.02,Destination MVTWX,"5678, avenue de l'Europe",Versailles,NULL,10213,France
10973,40,6,2,2022-03-24,2022-04-21,2022-03-27,15.17,Destination WWJLO,"6789, avenue de l'Europe",Versailles,NULL,10214,France
10974,75,3,3,2022-03-25,2022-04-08,2022-04-03,12.96,Ship to 75-B,P.O. Box 6789,Lander,WY,10315,USA
10975,10,1,3,2022-03-25,2022-04-22,2022-03-27,32.27,Destination OLSSJ,2345 Tsawassen Blvd.,Tsawassen,BC,10130,Canada
10976,35,1,1,2022-03-25,2022-05-06,2022-04-03,37.97,Destination SXYQX,Carrera 0123 con Ave. Carlos Soublette #8-35,San Cristóbal,Táchira,10198,Venezuela
10977,24,8,3,2022-03-26,2022-04-23,2022-04-10,208.50,Destination NCKKO,Åkergatan 7890,Bräcke,NULL,10165,Sweden
10978,50,9,2,2022-03-26,2022-04-23,2022-04-23,32.82,Ship to 50-A,Rue Joseph-Bens 3456,Bruxelles,NULL,10241,Belgium
10979,20,8,2,2022-03-26,2022-04-23,2022-03-31,353.07,Destination CUVPF,Kirchgasse 1234,Graz,NULL,10159,Austria
10980,24,4,1,2022-03-27,2022-05-08,2022-04-17,1.26,Destination YCMPK,Åkergatan 8901,Bräcke,NULL,10166,Sweden
10981,34,1,2,2022-03-27,2022-04-24,2022-04-02,193.37,Destination JPAIY,"Rua do Paço, 8901",Rio de Janeiro,RJ,10196,Brazil
10982,10,2,1,2022-03-27,2022-04-24,2022-04-08,14.01,Destination XJIBQ,1234 Tsawassen Blvd.,Tsawassen,BC,10129,Canada
10983,71,2,2,2022-03-27,2022-04-24,2022-04-06,657.54,Ship to 71-B,8901 Suffolk Ln.,Boise,ID,10306,USA
10984,71,1,3,2022-03-30,2022-04-27,2022-04-03,211.22,Ship to 71-B,8901 Suffolk Ln.,Boise,ID,10306,USA
10985,37,2,1,2022-03-30,2022-04-27,2022-04-02,91.51,Destination ATSOA,4567 Johnstown Road,Cork,Co. Cork,10202,Ireland
10986,54,8,2,2022-03-30,2022-04-27,2022-04-21,217.86,Ship to 54-A,Ing. Gustavo Moncada 4567 Piso 20-A,Buenos Aires,NULL,10252,Argentina
10987,19,8,1,2022-03-31,2022-04-28,2022-04-06,185.48,Destination FRCGJ,5678 King George,London,<None>,10153,UK
10988,65,3,2,2022-03-31,2022-04-28,2022-04-10,61.14,Ship to 65-A,7890 Milton Dr.,Albuquerque,NM,10285,USA
10989,61,2,1,2022-03-31,2022-04-28,2022-04-02,34.76,Ship to 61-A,"Rua da Panificadora, 5678",Rio de Janeiro,RJ,10273,Brazil
10990,20,2,3,2022-04-01,2022-05-13,2022-04-07,117.61,Destination RVDMF,Kirchgasse 9012,Graz,NULL,10157,Austria
10991,63,1,1,2022-04-01,2022-04-29,2022-04-07,38.51,Ship to 63-A,Taucherstraße 1234,Cunewalde,NULL,10279,Germany
10992,77,1,3,2022-04-01,2022-04-29,2022-04-03,4.27,Ship to 77-C,3456 Jefferson Way Suite 2,Portland,OR,10322,USA
10993,24,7,3,2022-04-01,2022-04-29,2022-04-10,8.81,Destination NCKKO,Åkergatan 7890,Bräcke,NULL,10165,Sweden
10994,83,2,3,2022-04-02,2022-04-16,2022-04-09,65.53,Ship to 83-C,Smagsloget 2345,Århus,NULL,10341,Denmark
10995,58,1,3,2022-04-02,2022-04-30,2022-04-06,46.00,Ship to 58-B,Calle Dr. Jorge Cash 4567,México D.F.,NULL,10262,Mexico
10996,63,4,2,2022-04-02,2022-04-30,2022-04-10,1.12,Ship to 63-C,Taucherstraße 3456,Cunewalde,NULL,10281,Germany
10997,46,8,2,2022-04-03,2022-05-15,2022-04-13,73.91,Ship to 46-A,Carrera 0123 con Ave. Bolívar #65-98 Llano Largo,Barquisimeto,Lara,10227,Venezuela
10998,91,8,2,2022-04-03,2022-04-17,2022-04-17,20.31,Ship to 91-A,ul. Filtrowa 5678,Warszawa,NULL,10364,Poland
10999,56,6,2,2022-04-03,2022-05-01,2022-04-10,96.35,Ship to 56-B,Mehrheimerstr. 1234,Köln,NULL,10259,Germany
11000,65,2,3,2022-04-06,2022-05-04,2022-04-14,55.12,Ship to 65-A,7890 Milton Dr.,Albuquerque,NM,10285,USA
11001,24,2,2,2022-04-06,2022-05-04,2022-04-14,197.30,Destination YCMPK,Åkergatan 8901,Bräcke,NULL,10166,Sweden
11002,71,4,1,2022-04-06,2022-05-04,2022-04-16,141.16,Ship to 71-A,7890 Suffolk Ln.,Boise,ID,10305,USA
11003,78,3,3,2022-04-06,2022-05-04,2022-04-08,14.91,Ship to 78-B,5678 Grizzly Peak Rd.,Butte,MT,10324,USA
11004,50,3,1,2022-04-07,2022-05-05,2022-04-20,44.84,Ship to 50-C,Rue Joseph-Bens 5678,Bruxelles,NULL,10243,Belgium
11005,90,2,1,2022-04-07,2022-05-05,2022-04-10,0.75,Ship to 90-A,Keskuskatu 2345,Helsinki,NULL,10361,Finland
11006,32,3,2,2022-04-07,2022-05-05,2022-04-15,25.19,Destination LLUXZ,1234 Baker Blvd.,Eugene,OR,10189,USA
11007,60,8,2,2022-04-08,2022-05-06,2022-04-13,202.24,Ship to 60-C,Estrada da saúde n. 4567,Lisboa,NULL,10272,Portugal
11008,20,7,3,2022-04-08,2022-05-06,NULL,79.46,Destination CUVPF,Kirchgasse 1234,Graz,NULL,10159,Austria
11009,30,2,1,2022-04-08,2022-05-06,2022-04-10,59.11,Destination WVLDH,"C/ Romero, 7890",Sevilla,NULL,10185,Spain
11010,66,2,2,2022-04-09,2022-05-07,2022-04-21,28.71,Ship to 66-A,Strada Provinciale 0123,Reggio Emilia,NULL,10288,Italy
11011,1,3,1,2022-04-09,2022-05-07,2022-04-13,1.21,Destination LOUIE,Obere Str. 6789,Berlin,NULL,10154,Germany
11012,25,1,3,2022-04-09,2022-04-23,2022-04-17,242.95,Destination WEGWI,Berliner Platz 2345,München,NULL,10170,Germany
11013,69,2,1,2022-04-09,2022-05-07,2022-04-10,32.99,Ship to 69-A,"Gran Vía, 9012",Madrid,NULL,10297,Spain
11014,47,2,3,2022-04-10,2022-05-08,2022-04-15,23.60,Ship to 47-A,Ave. 5 de Mayo Porlamar 3456,I. de Margarita,Nueva Esparta,10230,Venezuela
11015,70,2,2,2022-04-10,2022-04-24,2022-04-20,4.62,Ship to 70-C,Erling Skakkes gate 6789,Stavern,NULL,10304,Norway
11016,4,9,2,2022-04-10,2022-05-08,2022-04-13,33.80,Ship to 4-A,Brook Farm Stratford St. Mary 0123,London,<None>,10238,UK
11017,20,9,2,2022-04-13,2022-05-11,2022-04-20,754.26,Destination CUVPF,Kirchgasse 1234,Graz,NULL,10159,Austria
11018,48,4,2,2022-04-13,2022-05-11,2022-04-16,11.65,Ship to 48-B,6789 Chiaroscuro Rd.,Portland,OR,10233,USA
11019,64,6,3,2022-04-13,2022-05-11,NULL,3.17,Ship to 64-B,Av. del Libertador 5678,Buenos Aires,NULL,10283,Argentina
11020,56,2,2,2022-04-14,2022-05-12,2022-04-16,43.30,Ship to 56-B,Mehrheimerstr. 1234,Köln,NULL,10259,Germany
11021,63,3,1,2022-04-14,2022-05-12,2022-04-21,297.18,Ship to 63-B,Taucherstraße 2345,Cunewalde,NULL,10280,Germany
11022,34,9,2,2022-04-14,2022-05-12,2022-05-04,6.27,Destination SCQXA,"Rua do Paço, 7890",Rio de Janeiro,RJ,10195,Brazil
11023,11,1,2,2022-04-14,2022-04-28,2022-04-24,123.83,Destination NZASL,Fauntleroy Circus 5678,London,<None>,10133,UK
11024,19,4,1,2022-04-15,2022-05-13,2022-04-20,74.36,Destination BBMRT,4567 King George,London,<None>,10152,UK
11025,87,6,3,2022-04-15,2022-05-13,2022-04-24,29.17,Ship to 87-C,Torikatu 3456,Oulu,NULL,10352,Finland
11026,27,4,1,2022-04-15,2022-05-13,2022-04-28,47.09,Destination DICGM,Via Monte Bianco 7890,Torino,NULL,10175,Italy
11027,10,1,1,2022-04-16,2022-05-14,2022-04-20,52.52,Destination XJIBQ,1234 Tsawassen Blvd.,Tsawassen,BC,10129,Canada
11028,39,2,1,2022-04-16,2022-05-14,2022-04-22,29.59,Destination DKMQA,Maubelstr. 0123,Brandenburg,NULL,10208,Germany
11029,14,4,1,2022-04-16,2022-05-14,2022-04-27,47.84,Destination YUJRD,Hauptstr. 1234,Bern,NULL,10139,Switzerland
11030,71,7,2,2022-04-17,2022-05-15,2022-04-27,830.75,Ship to 71-C,9012 Suffolk Ln.,Boise,ID,10307,USA
11031,71,6,2,2022-04-17,2022-05-15,2022-04-24,227.22,Ship to 71-C,9012 Suffolk Ln.,Boise,ID,10307,USA
11032,89,2,3,2022-04-17,2022-05-15,2022-04-23,606.19,Ship to 89-B,8901 - 12th Ave. S.,Seattle,WA,10357,USA
11033,68,7,3,2022-04-17,2022-05-15,2022-04-23,84.74,Ship to 68-A,Starenweg 6789,Genève,NULL,10294,Switzerland
11034,55,8,1,2022-04-20,2022-06-01,2022-04-27,40.32,Ship to 55-B,8901 Bering St.,Anchorage,AK,10256,USA
11035,76,2,2,2022-04-20,2022-05-18,2022-04-24,0.17,Ship to 76-B,"Boulevard Tirou, 9012",Charleroi,NULL,10318,Belgium
11036,17,8,3,2022-04-20,2022-05-18,2022-04-22,149.47,Destination YPUYI,Walserweg 8901,Aachen,NULL,10146,Germany
11037,30,7,1,2022-04-21,2022-05-19,2022-04-27,3.20,Destination GGQIR,"C/ Romero, 6789",Sevilla,NULL,10184,Spain
11038,76,1,2,2022-04-21,2022-05-19,2022-04-30,29.59,Ship to 76-A,"Boulevard Tirou, 8901",Charleroi,NULL,10317,Belgium
11039,47,1,2,2022-04-21,2022-05-19,NULL,65.00,Ship to 47-C,Ave. 5 de Mayo Porlamar 5678,I. de Margarita,Nueva Esparta,10232,Venezuela
11040,32,4,3,2022-04-22,2022-05-20,NULL,18.84,Destination VYOBK,3456 Baker Blvd.,Eugene,OR,10191,USA
11041,14,3,2,2022-04-22,2022-05-20,2022-04-28,48.22,Destination YUJRD,Hauptstr. 1234,Bern,NULL,10139,Switzerland
11042,15,2,1,2022-04-22,2022-05-06,2022-05-01,29.99,Destination EVHYA,"Av. dos Lusíadas, 3456",Sao Paulo,SP,10141,Brazil
11043,74,5,2,2022-04-22,2022-05-20,2022-04-29,8.80,Ship to 74-B,"4567, rue Lauriston",Paris,NULL,10313,France
11044,91,4,1,2022-04-23,2022-05-21,2022-05-01,8.72,Ship to 91-B,ul. Filtrowa 6789,Warszawa,NULL,10365,Poland
11045,10,6,2,2022-04-23,2022-05-21,NULL,70.58,Destination LPHSI,3456 Tsawassen Blvd.,Tsawassen,BC,10131,Canada
11046,86,8,2,2022-04-23,2022-05-21,2022-04-24,71.64,Ship to 86-C,Adenauerallee 0123,Stuttgart,NULL,10349,Germany
11047,19,7,3,2022-04-24,2022-05-22,2022-05-01,46.62,Destination FRCGJ,5678 King George,London,<None>,10153,UK
11048,10,7,3,2022-04-24,2022-05-22,2022-04-30,24.12,Destination XJIBQ,1234 Tsawassen Blvd.,Tsawassen,BC,10129,Canada
11049,31,3,1,2022-04-24,2022-05-22,2022-05-04,8.34,Destination XOIGC,"Av. Brasil, 8901",Campinas,SP,10186,Brazil
11050,24,8,2,2022-04-27,2022-05-25,2022-05-05,59.41,Destination YCMPK,Åkergatan 8901,Bräcke,NULL,10166,Sweden
11051,41,7,3,2022-04-27,2022-05-25,NULL,2.79,Destination OLJND,8901 rue Alsace-Lorraine,Toulouse,NULL,10216,France
11052,34,3,1,2022-04-27,2022-05-25,2022-05-01,67.26,Destination DPCVR,"Rua do Paço, 6789",Rio de Janeiro,RJ,10194,Brazil
11053,59,2,2,2022-04-27,2022-05-25,2022-04-29,53.05,Ship to 59-A,Geislweg 6789,Salzburg,NULL,10264,Austria
11054,12,8,1,2022-04-28,2022-05-26,NULL,0.33,Destination QTHBC,Cerrito 6789,Buenos Aires,NULL,10134,Argentina
11055,35,7,2,2022-04-28,2022-05-26,2022-05-05,120.92,Destination JYDLM,Carrera1234 con Ave. Carlos Soublette #8-35,San Cristóbal,Táchira,10199,Venezuela
11056,19,8,2,2022-04-28,2022-05-12,2022-05-01,278.96,Destination QTKCU,3456 King George,London,<None>,10151,UK
11057,53,3,3,2022-04-29,2022-05-27,2022-05-01,4.13,Ship to 53-C,South House 3456 Queensbridge,London,<None>,10251,UK
11058,6,9,3,2022-04-29,2022-05-27,NULL,31.14,Ship to 6-A,Forsterstr. 2345,Mannheim,NULL,10300,Germany
11059,67,2,2,2022-04-29,2022-06-10,NULL,85.80,Ship to 67-A,"Av. Copacabana, 3456",Rio de Janeiro,RJ,10291,Brazil
11060,27,2,2,2022-04-30,2022-05-28,2022-05-04,10.98,Destination DICGM,Via Monte Bianco 7890,Torino,NULL,10175,Italy
11061,32,4,3,2022-04-30,2022-06-11,NULL,14.01,Destination VYOBK,3456 Baker Blvd.,Eugene,OR,10191,USA
11062,66,4,2,2022-04-30,2022-05-28,NULL,29.93,Ship to 66-B,Strada Provinciale 1234,Reggio Emilia,NULL,10289,Italy
11063,37,3,2,2022-04-30,2022-05-28,2022-05-06,81.73,Destination KPVYJ,5678 Johnstown Road,Cork,Co. Cork,10203,Ireland
11064,71,1,1,2022-05-01,2022-05-29,2022-05-04,30.09,Ship to 71-C,9012 Suffolk Ln.,Boise,ID,10307,USA
11065,46,8,1,2022-05-01,2022-05-29,NULL,12.91,Ship to 46-C,Carrera 2345 con Ave. Bolívar #65-98 Llano Largo,Barquisimeto,Lara,10229,Venezuela
11066,89,7,2,2022-05-01,2022-05-29,2022-05-04,44.72,Ship to 89-A,7890 - 12th Ave. S.,Seattle,WA,10356,USA
11067,17,1,2,2022-05-04,2022-05-18,2022-05-06,7.98,Destination BJCXA,Walserweg 7890,Aachen,NULL,10145,Germany
11068,62,8,2,2022-05-04,2022-06-01,NULL,81.75,Ship to 62-A,"Alameda dos Canàrios, 8901",Sao Paulo,SP,10276,Brazil
11069,80,1,2,2022-05-04,2022-06-01,2022-05-06,15.67,Ship to 80-B,Avda. Azteca 4567,México D.F.,NULL,10333,Mexico
11070,44,2,1,2022-05-05,2022-06-02,NULL,136.00,Ship to 44-A,Magazinweg 4567,Frankfurt a.M.,NULL,10222,Germany
11071,46,1,1,2022-05-05,2022-06-02,NULL,0.93,Ship to 46-B,Carrera 1234 con Ave. Bolívar #65-98 Llano Largo,Barquisimeto,Lara,10228,Venezuela
11072,20,4,2,2022-05-05,2022-06-02,NULL,258.64,Destination RVDMF,Kirchgasse 9012,Graz,NULL,10157,Austria
11073,58,2,2,2022-05-05,2022-06-02,NULL,24.95,Ship to 58-B,Calle Dr. Jorge Cash 4567,México D.F.,NULL,10262,Mexico
11074,73,7,2,2022-05-06,2022-06-03,NULL,18.44,Ship to 73-A,Vinbæltet 1234,Kobenhavn,NULL,10310,Denmark
11075,68,8,2,2022-05-06,2022-06-03,NULL,6.19,Ship to 68-A,Starenweg 6789,Genève,NULL,10294,Switzerland
11076,9,4,2,2022-05-06,2022-06-03,NULL,38.28,Ship to 9-A,"8901, rue des Bouchers",Marseille,NULL,10367,France
11077,65,1,2,2022-05-06,2022-06-03,NULL,8.53,Ship to 65-A,7890 Milton Dr.,Albuquerque,NM,10285,USA
